genre,grossing_rank,name,seller,ratings,avg_rating,price,store_id,bundle_id,url
Business,5,Invoice 2go: Easy Quote Maker,"Invoice2Go, LLC",17554,4.8,Free,540236748,com.invoice2go.plus,https://apps.apple.com/gb/app/invoice-2go-easy-quote-maker/id540236748
Business,7,Scanner App - Scan PDF & Docs,TAPSUITE YAZILIM HIZMETLERI ANONIM SIRKETI,4152,4.55,Free,1568660349,com.xstudios.fastscan,https://apps.apple.com/gb/app/scanner-app-scan-pdf-docs/id1568660349
Business,9,Invoice Maker - Invoice Fly,Labhouse Mobile SL,4187,4.75,Free,1606911248,io.labhouse.invoicesapp,https://apps.apple.com/gb/app/invoice-maker-invoice-fly/id1606911248
Business,11,Bark for Professionals,eTender Inc,3290,4.53,Free,1206370169,com.bark.pro,https://apps.apple.com/gb/app/bark-for-professionals/id1206370169
Business,15,Invoice Maker Tofu & Estimates,GetPaid Inc.,1852,4.78,Free,1314873764,com.getpaidapp.invoices,https://apps.apple.com/gb/app/invoice-maker-tofu-estimates/id1314873764
Business,16,Gas App Uk,Gas App Uk Limited,1536,4.65,Free,1033168436,biz.safegas.gasapp,https://apps.apple.com/gb/app/gas-app-uk/id1033168436
Business,17,Smart Printer App & Scan,KAIN SUITE PTE. LTD.,3749,3.94,Free,1597439129,com.astraler.hprinter,https://apps.apple.com/gb/app/smart-printer-app-scan/id1597439129
Business,18,Scan Shot・PDF Document Scanner,"KAERMORHEN, S.L.",9972,4.65,Free,1575194801,scanner.shot.app,https://apps.apple.com/gb/app/scan-shot-pdf-document-scanner/id1575194801
Business,20,Booksy Biz: Booking & Payments,Booksy International sp. z o.o.,1100,4.38,Free,725335996,com.sensi.BooksyBIZZ,https://apps.apple.com/gb/app/booksy-biz-booking-payments/id725335996
Business,21,FreeAgent Mobile Accounting,FreeAgent Central Ltd,13663,4.78,Free,975591071,com.freeagent,https://apps.apple.com/gb/app/freeagent-mobile-accounting/id975591071
Business,22,MobiOffice・Word Docs・Excel・PDF,"MobiSystems, Inc.",9595,4.63,Free,924005506,com.mobisystems.OfficeSuiteFree2,https://apps.apple.com/gb/app/mobioffice-word-docs-excel-pdf/id924005506
Business,24,Invoice Maker & Estimate App,Bookipi Pty Ltd,7641,4.87,Free,1419627421,bookipi.invoice.maker.estimate.billing.2go,https://apps.apple.com/gb/app/invoice-maker-estimate-app/id1419627421
Business,26,Checkatrade for Trades,Vetted Ltd,17951,4.79,Free,1498194074,com.cat.trade,https://apps.apple.com/gb/app/checkatrade-for-trades/id1498194074
Business,27,Billdu - Invoice & Quote Maker,BILLDU LTD,8135,4.79,Free,527885754,sk.kreative.iFakturyDE,https://apps.apple.com/gb/app/billdu-invoice-quote-maker/id527885754
Business,29,A1 PDF Editor: Edit PDF & Sign,Rhophi Analytics LLP,1035,4.65,Free,6443583054,com.a1office.pdfeditor.pdf.document,https://apps.apple.com/gb/app/a1-pdf-editor-edit-pdf-sign/id6443583054
Business,30,Printer App ®,"SMM service, s.r.o.",1095,3.62,Free,1541008027,com.smmservice.printer,https://apps.apple.com/gb/app/printer-app/id1541008027
Business,31,Tiny Scanner - PDF Scanner App,TinyWork Apps,19740,4.76,Free,595563753,com.btgs.scannerhdlite,https://apps.apple.com/gb/app/tiny-scanner-pdf-scanner-app/id595563753
Business,33,Stan: Link in Bio for Creators,"FindCommunity, Inc.",1906,4.81,Free,6478343472,me.stanwith.store.app,https://apps.apple.com/gb/app/stan-link-in-bio-for-creators/id6478343472
Business,34,Blinq: Digital Business Card,Blinq Technologies Pty Ltd,4066,4.78,Free,1324102258,com.rabbl.Blink,https://apps.apple.com/gb/app/blinq-digital-business-card/id1324102258
Business,35,PDF Scanner App: TapScanner,SMART MEDIA INTERNET MARKETING LTD,5896,4.61,Free,1382564905,com.pdf.tapscanner,https://apps.apple.com/gb/app/pdf-scanner-app-tapscanner/id1382564905
Business,39,Setmore Appointment Scheduling,"Setmore, Inc.",1543,4.66,Free,665859578,com.setmore.app,https://apps.apple.com/gb/app/setmore-appointment-scheduling/id665859578
Business,40,ScanGuru: PDF Scanner App,GM UniverseApps Limited,10741,4.49,Free,1040149161,com.sergey-gerasimenko.EasyDocScan,https://apps.apple.com/gb/app/scanguru-pdf-scanner-app/id1040149161
Business,41,LinkedIn Sales Navigator,LinkedIn Corporation,12274,4.69,Free,910768078,com.linkedin.Lighthouse,https://apps.apple.com/gb/app/linkedin-sales-navigator/id910768078
Business,42,"Jotform - Form, Sign & Survey",Jotform Inc,5310,4.95,Free,1391524277,com.jotform.v2,https://apps.apple.com/gb/app/jotform-form-sign-survey/id1391524277
Business,43,Calendly: Meeting Scheduling,"Calendly, LLC",4797,4.8,Free,1451094657,com.calendly.Calendly,https://apps.apple.com/gb/app/calendly-meeting-scheduling/id1451094657
Business,51,PDF Editor,"SMM service, s.r.o.",1840,4.44,Free,1532638515,com.smmservice.pdfeditor,https://apps.apple.com/gb/app/pdf-editor/id1532638515
Business,57,OnPhone: Second Mobile Number,AnyDay Apps Inc.,1331,4.4,Free,1564051387,anyday.phone,https://apps.apple.com/gb/app/onphone-second-mobile-number/id1564051387
Business,60,Scanner App. Scan PDF Document,Municorn Limited,3747,4.67,Free,1425891150,app.scanz,https://apps.apple.com/gb/app/scanner-app-scan-pdf-document/id1425891150
Business,61,ServiceM8 - Job Management App,Eroldawn Pty Ltd,1239,4.48,Free,378062736,com.servicem8,https://apps.apple.com/gb/app/servicem8-job-management-app/id378062736
Business,63,Phone Call Recording App,JatApp LLC,6590,4.55,Free,1503665233,com.accordmobi.ios.callrecorder,https://apps.apple.com/gb/app/phone-call-recording-app/id1503665233
Business,65,Smart Printer App - Scan,MAPLE LABS COMPANY LIMITED,1886,4.44,Free,1602635337,com.maplelabs.airprinter,https://apps.apple.com/gb/app/smart-printer-app-scan/id1602635337
Business,68,Smart Printer App: iPrint,Rhythmix OU,1544,4.58,Free,6445919810,printer.airprinter,https://apps.apple.com/gb/app/smart-printer-app-iprint/id6445919810
Business,69,xScan: Document Scanner App,VPN MobApps Limited,3686,4.49,Free,1496800347,com.mobaps.scanner,https://apps.apple.com/gb/app/xscan-document-scanner-app/id1496800347
Business,70,Upwork,Upwork Global Inc.,8494,4.64,Free,1446736499,com.upwork.ios.apps.bolt,https://apps.apple.com/gb/app/upwork/id1446736499
Business,73,StarNow Audition Finder,StarNow NZ LP,8616,4.66,Free,456147847,com.smhinteractive.starnow,https://apps.apple.com/gb/app/starnow-audition-finder/id456147847
Business,74,TapeACall: Call Recorder,Mosaic S.r.l.,1831,3.54,Free,573751328,com.epicenterprises.tapeacall.lite,https://apps.apple.com/gb/app/tapeacall-call-recorder/id573751328
Business,82,GoDaddy: Websites & Marketing,GoDaddy Mobile LLC,8914,4.76,Free,535811906,com.gopotluck.over,https://apps.apple.com/gb/app/godaddy-websites-marketing/id535811906
Business,84,Call Recorder for iPhone ㅤ,BP Mobile LLC,4002,4.03,Free,1200776424,bp.callrecorder.free,https://apps.apple.com/gb/app/call-recorder-for-iphone-%E3%85%A4/id1200776424
Business,85,"FAX from iPhone: Receive, Send",Municorn Limited,1909,4.61,Free,978931264,biz.faxapp.app,https://apps.apple.com/gb/app/fax-from-iphone-receive-send/id978931264
Business,86,Sprout - AI Job Search,Magnifex AI Inc.,10184,4.42,Free,6740011494,ai.magnifex.prepai,https://apps.apple.com/gb/app/sprout-ai-job-search/id6740011494
Business,89,Microsoft Defender: Security,Microsoft Corporation,4584,4.68,Free,1526737990,com.microsoft.scmx,https://apps.apple.com/gb/app/microsoft-defender-security/id1526737990
Business,92,CamCard AI Business Assistant,"INTSIG Information Co., Ltd",7084,4.61,Free,349447615,com.intsig.camcard.lite,https://apps.apple.com/gb/app/camcard-ai-business-assistant/id349447615
Business,94,Deputy: Rota & Shift planner,Deputec Pty Ltd,2395,4.79,Free,477070330,com.deputy.prod,https://apps.apple.com/gb/app/deputy-rota-shift-planner/id477070330
Business,99,Call Recorder iCall,AppInnovations OU,2391,4.54,Free,1447098963,com.appitate.callrecorder,https://apps.apple.com/gb/app/call-recorder-icall/id1447098963
Utilities,7,Seeing,LONSEN ELECTRONICS LIMITED,11780,4.47,Free,6479742882,com.bell.see,https://apps.apple.com/gb/app/seeing/id6479742882
Utilities,9,Camtro,DigitalConverge Intellect Limited,6315,4.5,Free,6745863842,com.ekdigital.cam,https://apps.apple.com/gb/app/camtro/id6745863842
Utilities,10,Swipewipe: Photo Cleaner,MWM,9639,4.62,Free,1583884012,com.aoklab.fewerphotos,https://apps.apple.com/gb/app/swipewipe-photo-cleaner/id1583884012
Utilities,13,Carista OBD2,Prizmos OOD,4660,4.66,Free,954363569,com.prizmos.Carista,https://apps.apple.com/gb/app/carista-obd2/id954363569
Utilities,14,Universal Remote TV Control ·,BEGAMOB GLOBAL LIMITED,9828,4.64,Free,1581765635,com.casttv.remotetv,https://apps.apple.com/gb/app/universal-remote-tv-control/id1581765635
Utilities,19,Universal Remote TV Control＊,"VISARGERD, S.L.",2997,4.47,Free,6477382010,imote.tv.remote.control,https://apps.apple.com/gb/app/universal-remote-tv-control/id6477382010
Utilities,22,Kemo,NumLake Tech Limited,15288,4.29,Free,1484584645,com.eken.ailive,https://apps.apple.com/gb/app/kemo/id1484584645
Utilities,23,AI Cleaner: Clean Up Storage,"GRIMLAX TRADE,S.L.",15851,4.49,Free,6448330325,ai.cleaner.app,https://apps.apple.com/gb/app/ai-cleaner-clean-up-storage/id6448330325
Utilities,24,Screen Mirroring | Cast to TV,Ozuna Limited,1776,4.53,Free,6670321276,screen.casting.app,https://apps.apple.com/gb/app/screen-mirroring-cast-to-tv/id6670321276
Utilities,25,Fire Stick TV Remote Control •,Remote Control TV LLC,3841,4.18,Free,6738902375,com.remotetvsolutions.firedevice,https://apps.apple.com/gb/app/fire-stick-tv-remote-control/id6738902375
Utilities,26,Screen mirroring・Smart View TV,TOGGLE APPS SP Z O O,16422,4.65,Free,1529106085,com.wonny.ScreenSharing,https://apps.apple.com/gb/app/screen-mirroring-smart-view-tv/id1529106085
Utilities,27,Hushed: UK Second Phone Number,AffinityClick Inc.,1090,4.09,Free,600520752,com.affinityclick.hushed,https://apps.apple.com/gb/app/hushed-uk-second-phone-number/id600520752
Utilities,28,Screen Mirroring・Cast Smart TV,Desidari holding ltd,2931,4.15,Free,6471257645,tv.screen.mirroring,https://apps.apple.com/gb/app/screen-mirroring-cast-smart-tv/id6471257645
Utilities,30,Authenticator ·,"SMM service, s.r.o.",2307,4.56,Free,1602061522,com.smmservice.authenticator,https://apps.apple.com/gb/app/authenticator/id1602061522
Utilities,31,VitalScan: Wellness Mirror,CyberNex Networks Limited,1035,4.51,Free,6758564907,com.vital.scan,https://apps.apple.com/gb/app/vitalscan-wellness-mirror/id6758564907
Utilities,34,2Number - Second Phone Number,BP Mobile LLC,6595,4.15,Free,1216135390,bp.sphone.free,https://apps.apple.com/gb/app/2number-second-phone-number/id1216135390
Utilities,35,Ubox,HONGBO WANG,1943,4.74,Free,1436112326,cn.ubia.ubox,https://apps.apple.com/gb/app/ubox/id1436112326
Utilities,39,Cleaner Guru: Clean Up Storage,GM UniverseApps Limited,6088,4.38,Free,1476380919,gen.universe.app.cleaner,https://apps.apple.com/gb/app/cleaner-guru-clean-up-storage/id1476380919
Utilities,45,TV Remote - Universal,Zap Software Studio BV,9404,4.56,Free,1670649189,com.companjenapps.UniMote,https://apps.apple.com/gb/app/tv-remote-universal/id1670649189
Utilities,46,Remote for Firestick · Fire TV,Netsis Mobile FZCO,1729,4.07,Free,1625553531,com.nm.fire-tv-remote,https://apps.apple.com/gb/app/remote-for-firestick-fire-tv/id1625553531
Utilities,47,Pokémon HOME,The Pokemon Company,2514,3.81,Free,1485352913,jp.pokemon.pokemonhome,https://apps.apple.com/gb/app/pok%C3%A9mon-home/id1485352913
Utilities,48,Universal Remote TV Control,Desidari holding ltd,5063,4.05,Free,1591238748,com.universal.remotetv,https://apps.apple.com/gb/app/universal-remote-tv-control/id1591238748
Utilities,49,TV Cast for Chromecast !,EVOLLY.APP PTE. LTD,1166,3.4,Free,1523826729,evolly.app.chromecast,https://apps.apple.com/gb/app/tv-cast-for-chromecast/id1523826729
Utilities,50,Find Air - My Device Tracker,"AIR APPS SYSTEMS, UNIPESSOAL, LDA",1071,4.55,Free,1507917112,co.airapps.finderbot,https://apps.apple.com/gb/app/find-air-my-device-tracker/id1507917112
Utilities,51,Cleaner Neat: Clean Up Storage,Smart Tool Studio,7616,4.54,Free,1463756032,super.cleaner,https://apps.apple.com/gb/app/cleaner-neat-clean-up-storage/id1463756032
Utilities,52,carVertical: Car Check,"CV Group, UAB",1664,4.8,Free,1528834650,com.carvertical.carVertical,https://apps.apple.com/gb/app/carvertical-car-check/id1528834650
Utilities,53,TotalAV,Total Security Limited,14124,4.53,Free,1130411958,com.totalav.ios,https://apps.apple.com/gb/app/totalav/id1130411958
Utilities,59,VicoHome: Smart Home Camera,PHOTON SAIL TECHNOLOGIES PTE. LTD.,1590,4.79,Free,1466734547,addx.ai.vicoo,https://apps.apple.com/gb/app/vicohome-smart-home-camera/id1466734547
Utilities,60,Clean Up Phone Storage: CleanX,TAPSUITE YAZILIM HIZMETLERI ANONIM SIRKETI,1382,4.42,Free,1575903244,com.app.smart.cleaner.cleanx,https://apps.apple.com/gb/app/clean-up-phone-storage-cleanx/id1575903244
Utilities,61,Lens Scan: Identify Anything,EVEN EDGE DIJITAL HIZMETLER ANONIM SIRKETI,1231,4.6,Free,6560107458,com.identifai.production,https://apps.apple.com/gb/app/lens-scan-identify-anything/id6560107458
Utilities,65,Print Master,PHOMEMO PTE. LTD.,1906,4.75,Free,1467113436,com.quyin.Printmaster,https://apps.apple.com/gb/app/print-master/id1467113436
Utilities,67,QR Code Scanner＊Barcode Reader,"VISARGERD, S.L.",5038,4.46,Free,1584764976,qr.now.code.reader,https://apps.apple.com/gb/app/qr-code-scanner-barcode-reader/id1584764976
Utilities,68,"VPN Lumos: Open Proxy, Connect","LUMOS, OOO",4721,4.42,Free,1373844471,bernikovich.vpn,https://apps.apple.com/gb/app/vpn-lumos-open-proxy-connect/id1373844471
Utilities,70,QR Code Scanner，Barcode Reader,"AIR APPS SYSTEMS, UNIPESSOAL, LDA",14048,4.58,Free,1226650677,com.internet-rocks.codescanner,https://apps.apple.com/gb/app/qr-code-scanner-barcode-reader/id1226650677
Utilities,72,OBDeleven VAG,OBDeleven UAB,2978,4.61,Free,1458334123,com.voltasit.obdeleven.ios,https://apps.apple.com/gb/app/obdeleven-vag/id1458334123
Utilities,73,Remote for Firestick & Fire TV,KRAFTWERK 9 LTD,6970,4.43,Free,1467189269,com.kraftwerk9.firetv,https://apps.apple.com/gb/app/remote-for-firestick-fire-tv/id1467189269
Utilities,75,快连VPN,LGN Global Tech Inc.,4687,4.78,Free,1471102783,world.letsgo.booster.ios.general,https://apps.apple.com/gb/app/%E5%BF%AB%E8%BF%9Evpn/id1471102783
Utilities,76,Bitdefender Mobile Security,Bitdefender SRL,8392,4.64,Free,1255893012,com.bitdefender.iossecurity,https://apps.apple.com/gb/app/bitdefender-mobile-security/id1255893012
Utilities,77,Remote for TV,KRAFTWERK 9 LTD,3367,4.46,Free,1439422220,com.kraftwerk9.universal,https://apps.apple.com/gb/app/remote-for-tv/id1439422220
Utilities,82,IPVanish VPN: Fast & Secure,"IPVanish, Inc.",11273,4.23,Free,763638165,com.ipvanish.ios.IPVanish,https://apps.apple.com/gb/app/ipvanish-vpn-fast-secure/id763638165
Utilities,88,Parental Control Kids360,MINDCARE LAB LTD,1398,4.41,Free,1596059191,app.kids360.ios.parent,https://apps.apple.com/gb/app/parental-control-kids360/id1596059191
Utilities,90,Bitdefender VPN: Fast & Secure,Bitdefender SRL,3198,4.8,Free,1499633482,com.bitdefender.iosvpn,https://apps.apple.com/gb/app/bitdefender-vpn-fast-secure/id1499633482
Utilities,97,Tape Measure™,"Level Labs, LLC",10760,4.26,Free,1271546805,com.teamlevellabs.measuretape,https://apps.apple.com/gb/app/tape-measure/id1271546805
Utilities,99,Malwarebytes - Mobile Security,Malwarebytes Corporation,3791,4.55,Free,1327105431,com.malwarebytes.Malwarebytes,https://apps.apple.com/gb/app/malwarebytes-mobile-security/id1327105431
Utilities,100,VPNIFY - Secure & Private VPN,Neonetworks solution ltd,8779,4.58,Free,1503251395,com.free.vpn.hotspot.secure.vpnify,https://apps.apple.com/gb/app/vpnify-secure-private-vpn/id1503251395
Travel,2,Flighty – Live Flight Tracker,Flighty LLC,18563,4.79,Free,1358823008,com.flightyapp.flighty,https://apps.apple.com/gb/app/flighty-live-flight-tracker/id1358823008
Travel,4,Outdooractive. Hike and Ride,Outdooractive AG,2702,3.78,Free,1364846172,com.outdooractive.Outdooractive,https://apps.apple.com/gb/app/outdooractive-hike-and-ride/id1364846172
Travel,10,Wanderlog - Travel Planner,Vacation and Travel Planner App LLC,3736,4.86,Free,1476732439,com.wanderlog.ios,https://apps.apple.com/gb/app/wanderlog-travel-planner/id1476732439
Travel,11,nomadtable: travel friends,Nomadtable Inc.,7956,4.59,Free,6736921913,jayraavi.SoloMatch,https://apps.apple.com/gb/app/nomadtable-travel-friends/id6736921913
Travel,13,Schengen Calculator 90/180,Vitaliy Golubenko,3837,4.65,Free,1054807221,vg.schengencalculator,https://apps.apple.com/gb/app/schengen-calculator-90-180/id1054807221
Travel,14,"MAPS.ME: Offline Maps, GPS Nav",Convexity Holdings AG,12281,4.67,Free,510623322,com.mapswithme.full,https://apps.apple.com/gb/app/maps-me-offline-maps-gps-nav/id510623322
Travel,15,park4night,AppMobilEdition,2402,4.73,Free,430946556,com.tramb.park4night,https://apps.apple.com/gb/app/park4night/id430946556
Travel,17,been,VINCI APPS LTD,6523,4.62,Free,680148327,se.memfrag.VeniVidi,https://apps.apple.com/gb/app/been/id680148327
Travel,19,Rhyme - Itinerary Planner,LOGOS STUDIO INC.,1195,4.6,Free,6748781672,AI.ForThePlot,https://apps.apple.com/gb/app/rhyme-itinerary-planner/id6748781672
Travel,22,VoiceMap: Audio Tours & Guides,Audio Guide Pte. Ltd.,1546,4.86,Free,852027939,me.voicemap.ios,https://apps.apple.com/gb/app/voicemap-audio-tours-guides/id852027939
Travel,23,Schengen Simple,Roycroft Labs Ltd,2534,4.84,Free,1637045933,com.roycroft-labs.SchengenSimple,https://apps.apple.com/gb/app/schengen-simple/id1637045933
Travel,24,Cabbie's Mate,Knowledge Master UK Ltd,2281,4.57,Free,649858791,com.knowledgemasteruk.cabbiesmate2013,https://apps.apple.com/gb/app/cabbies-mate/id649858791
Travel,26,"Couchsurfing: Stay, Meet, Host",CouchSurfing International Inc.,1498,4.32,Free,525642917,com.couchsurfing.CouchSurfing,https://apps.apple.com/gb/app/couchsurfing-stay-meet-host/id525642917
Travel,30,StayFree: Vanlife Wild Camping,StayFree GmbH,1230,4.69,Free,1439159740,com.stayfree.app,https://apps.apple.com/gb/app/stayfree-vanlife-wild-camping/id1439159740
Travel,35,Polarsteps,Polarsteps B.V.,12764,4.89,Free,947925763,com.polarsteps.Polarsteps,https://apps.apple.com/gb/app/polarsteps/id947925763
Travel,43,Campercontact - Camper Van,Campercontact B.V.,2912,4.69,Free,633972355,nl.nkc.campercontact,https://apps.apple.com/gb/app/campercontact-camper-van/id633972355
Travel,53,Brit Stops,"Harvest Hosts, LLC",1462,4.77,Free,1588268172,com.britstops.britstops,https://apps.apple.com/gb/app/brit-stops/id1588268172
Travel,54,Stippl: Trip & Travel Planner,Stippl B.V.,1555,4.75,Free,6443617088,com.stippl.stippl,https://apps.apple.com/gb/app/stippl-trip-travel-planner/id6443617088
Travel,55,UK Live Train Times,Dorada App Software Ltd,12472,4.67,Free,1063706811,uk.co.dorada.TrainTimes,https://apps.apple.com/gb/app/uk-live-train-times/id1063706811
Travel,56,HappyCow - Vegan Food Near You,"HappyCow, Inc",7514,4.84,£4.99,435871950,com.smoothlandon.happycow,https://apps.apple.com/gb/app/happycow-vegan-food-near-you/id435871950
Travel,59,Jack's Flight Club,JFC Travel Group Co,4027,4.82,Free,1298581144,com.JacksFlightClub,https://apps.apple.com/gb/app/jacks-flight-club/id1298581144
Travel,61,PeakFinder,PeakFinder GmbH,1412,4.77,£4.99,357421934,ch.peakfinder.peakfinder-alps,https://apps.apple.com/gb/app/peakfinder/id357421934
Travel,64,Pin Traveler: Track Travel Map,Pin Traveler LLC,1552,4.66,Free,1335839375,MehmetCanAlaca.Pin-Travel,https://apps.apple.com/gb/app/pin-traveler-track-travel-map/id1335839375
Travel,72,Train Times UK Journey Planner,APP KTCHN LTD,3556,4.6,Free,891379341,com.trainline.national.express.undergound.transport.london.rail.station.timetables,https://apps.apple.com/gb/app/train-times-uk-journey-planner/id891379341
Travel,74,Mapy.com: Maps Offline & GPS,Seznam.cz a.s.,1654,4.85,Free,411411020,cz.seznam.mapy,https://apps.apple.com/gb/app/mapy-com-maps-offline-gps/id411411020
Travel,92,Skratch: Travel Map & eSIM,Zero Dawn Ltd,2180,4.68,Free,1457438876,com.zerodawn.skratch,https://apps.apple.com/gb/app/skratch-travel-map-esim/id1457438876
Travel,93,Disneyland®,"Disney Electronic Content, Inc.",11604,4.52,Free,1022164656,com.disney.DLR,https://apps.apple.com/gb/app/disneyland/id1022164656
Sports,1,NBA: Live Games & Scores,"NBA MEDIA VENTURES, LLC",4925,4.52,Free,484672289,com.nbaimd.gametime.universal,https://apps.apple.com/gb/app/nba-live-games-scores/id484672289
Sports,5,Hole19: Golf GPS Range Finder,"Stat Track Technologies - Servicos Tecnologicos para o Desporto, Lda.",13839,4.77,Free,794462227,com.hole19golf.hole19v2,https://apps.apple.com/gb/app/hole19-golf-gps-range-finder/id794462227
Sports,6,18Birdies Golf GPS Tracker,18Birdies LLC,15311,4.91,Free,892700751,com.osmgolf.18Birdies,https://apps.apple.com/gb/app/18birdies-golf-gps-tracker/id892700751
Sports,7,F1 TV,Formula One Digital Media Limited,8209,4.57,Free,1315007279,com.formula1.ott,https://apps.apple.com/gb/app/f1-tv/id1315007279
Sports,9,Meet Mobile: Swim,"Active Network, LLC",4915,4.71,Free,422154977,com.active.meetmobile,https://apps.apple.com/gb/app/meet-mobile-swim/id422154977
Sports,10,UFC,"Zuffa, LLC",14247,4.8,Free,534568162,com.ufc.UFCTV,https://apps.apple.com/gb/app/ufc/id534568162
Sports,13,Tennis TV - Live Streaming,ATP Media Operations Ltd.,4485,4.39,Free,1114471030,com.deltatre.atp-tennis-tv-ios,https://apps.apple.com/gb/app/tennis-tv-live-streaming/id1114471030
Sports,16,Golf GameBook: Scorecard & GPS,GameBook Oy,1692,4.71,Free,409307935,com.freedropinnovations.gamebookInter,https://apps.apple.com/gb/app/golf-gamebook-scorecard-gps/id409307935
Sports,18,Racing Post - Horse Racing,SPOTLIGHT SPORTS GROUP LIMITED,17846,4.57,Free,339003373,com.racingpost.general,https://apps.apple.com/gb/app/racing-post-horse-racing/id339003373
Sports,19,SwingU Golf GPS by Golf Genius,"Swing By Swing Golf, LLC",18313,4.71,Free,332116103,com.smallbusinessvictory.SwingBySwing,https://apps.apple.com/gb/app/swingu-golf-gps-by-golf-genius/id332116103
Sports,20,Equilab: Horse Riding App,Equestrian Insights AB,5032,4.86,Free,1133163586,horse.schvung.equilab,https://apps.apple.com/gb/app/equilab-horse-riding-app/id1133163586
Sports,23,Garmin Golf,Garmin International,3108,4.6,Free,1192480582,com.garmin.golf,https://apps.apple.com/gb/app/garmin-golf/id1192480582
Sports,25,Heja,Heja Sports AB,15261,4.8,Free,1157335714,io.heja.app,https://apps.apple.com/gb/app/heja/id1157335714
Sports,30,The Anfield Wrap,The Anfield Wrap Magazine Limited,3747,4.86,Free,1457322696,co.pixelbeard.taw,https://apps.apple.com/gb/app/the-anfield-wrap/id1457322696
Sports,31,TheGrint: Golf Handicap,GRINT LLC,1199,4.75,Free,532085262,com.thegrint.grint,https://apps.apple.com/gb/app/thegrint-golf-handicap/id532085262
Sports,32,MLB,Major League Baseball Advanced Media,4921,4.7,Free,493619333,com.mlb.AtBatUniversal,https://apps.apple.com/gb/app/mlb/id493619333
Sports,36,Onform: Video Analysis App,"OnForm, Inc.",1424,4.77,Free,1490334045,com.onform.onform,https://apps.apple.com/gb/app/onform-video-analysis-app/id1490334045
Sports,38,Manchester City Official App,Manchester City Football Club Limited,1243,4.27,Free,416127886,uk.co.mcfc.iphone,https://apps.apple.com/gb/app/manchester-city-official-app/id416127886
Sports,39,Fish Deeper - Fishing App,Deeper UAB,1093,4.65,Free,1483380086,eu.deeper.fishdeeper,https://apps.apple.com/gb/app/fish-deeper-fishing-app/id1483380086
Sports,40,Prematch: Real Football,PREMATCH Sports GmbH,1486,4.82,Free,1579841897,de.prematchapp,https://apps.apple.com/gb/app/prematch-real-football/id1579841897
Sports,41,CrossCountry 2,Equimaps Pty Ltd,1639,4.85,Free,1444718643,com.crosscountryapp.mobile,https://apps.apple.com/gb/app/crosscountry-2/id1444718643
Sports,44,Fish AI - AI Fishing App,Liftoff Labs Inc.,5510,4.69,Free,6740141927,com.fishai.app,https://apps.apple.com/gb/app/fish-ai-ai-fishing-app/id6740141927
Sports,60,TAG Heuer Golf - GPS & 3D Maps,LVMH Swiss Manufactures SA,2549,4.73,Free,1449021143,com.tagheuer.golf,https://apps.apple.com/gb/app/tag-heuer-golf-gps-3d-maps/id1449021143
Sports,63,MotoGP™,"MOTOGP SPORTS ENTERTAINMENT GROUP, S.L.",1074,3.89,Free,1157573265,com.dorna.officialMotoGP,https://apps.apple.com/gb/app/motogp/id1157573265
Sports,65,FUTBIN FC 27 Evolutions & More,Better Collective ApS,4930,3.9,Free,1080465358,com.futbin,https://apps.apple.com/gb/app/futbin-fc-27-evolutions-more/id1080465358
Sports,66,Golf Pad GPS Range Finder,Contorra LLC,2332,4.74,Free,446320556,com.contorra.Golf-Pad,https://apps.apple.com/gb/app/golf-pad-gps-range-finder/id446320556
Sports,68,PTV Sports - World Cup Live,MD EMAM HOSSAIN,2064,4.53,Free,6471012977,com.ptv.livecricket,https://apps.apple.com/gb/app/ptv-sports-world-cup-live/id6471012977
Sports,73,Live Football On TV,Tiki-Taka Limited,4787,4.57,Free,533746988,com.live-footballontv.app,https://apps.apple.com/gb/app/live-football-on-tv/id533746988
Sports,79,Cymru Football,FOOTBALL ASSOCIATION OF WALES LIMITED,9922,4.83,Free,1531345768,de.analyticom.CymruFootball,https://apps.apple.com/gb/app/cymru-football/id1531345768
Sports,81,CoachNow: Sports Coaching App,"Golf Genius Mobile, LLC",3641,4.84,Free,596598472,com.edufii.athlete,https://apps.apple.com/gb/app/coachnow-sports-coaching-app/id596598472
Sports,88,Padel Mates,Padel Mates International AB,1325,4.5,Free,1531797995,com.padelmates,https://apps.apple.com/gb/app/padel-mates/id1531797995
Sports,89,Live Football TV: HD streaming,Aleksandr Alekseev,9047,4.36,Free,6478971501,com.football.streams,https://apps.apple.com/gb/app/live-football-tv-hd-streaming/id6478971501
Sports,95,FC Barcelona Official App,FC Barcelona,1289,4.76,Free,343196080,cat.fcbarcelona.FCBMobile,https://apps.apple.com/gb/app/fc-barcelona-official-app/id343196080
Sports,96,LFC Echo,Trinity Mirror Digital Media Ltd,2016,4.7,Free,1255495425,com.tmg.digital.lfcecho,https://apps.apple.com/gb/app/lfc-echo/id1255495425
Sports,97,The Official Liverpool FC App,Liverpool Football Club and Athletic Grounds LTD,1013,3.87,Free,332227346,liverpoolfc.lfcmnc,https://apps.apple.com/gb/app/the-official-liverpool-fc-app/id332227346
Social Networking,4,Telegram Messenger,Telegram FZ-LLC,17183,3.64,Free,686449807,ph.telegra.Telegraph,https://apps.apple.com/gb/app/telegram-messenger/id686449807
Social Networking,9,"Clapper: Video, Live, Chat",CLAPPER MEDIA GROUP INC.,2227,4.42,Free,1522122685,com.newsclapper.video,https://apps.apple.com/gb/app/clapper-video-live-chat/id1522122685
Social Networking,10,"BIGO LIVE-Live Stream, Go Live",BIGO TECHNOLOGY PTE. LTD.,15941,4.38,Free,1077137248,sg.bigo.live,https://apps.apple.com/gb/app/bigo-live-live-stream-go-live/id1077137248
Social Networking,11,Text Me - Second Phone Number,"TextMe, Inc.",17414,4.5,Free,514485964,com.textmeinc.textme2,https://apps.apple.com/gb/app/text-me-second-phone-number/id514485964
Social Networking,13,Yooppe - Singles dating app,IUMOB SRL,3354,4.44,Free,1462426394,com.yooppe,https://apps.apple.com/gb/app/yooppe-singles-dating-app/id1462426394
Social Networking,14,Taimi LGBTQ+ Dating & Chat App,Social Impact Inc.,10007,4.24,Free,1282966364,com.taimi.ios,https://apps.apple.com/gb/app/taimi-lgbtq-dating-chat-app/id1282966364
Social Networking,15,TopLive: Watch Live Streams,Aligosta Limited,2549,4.54,Free,1598551382,com.toplive.chat,https://apps.apple.com/gb/app/toplive-watch-live-streams/id1598551382
Social Networking,17,SCRUFF - Gay Dating & Chat,"Perry Street Software, Inc",3580,4.33,Free,380015247,com.appspot.scruffapp,https://apps.apple.com/gb/app/scruff-gay-dating-chat/id380015247
Social Networking,18,Salams: Halal Muslim Marriage,"Affinity Apps, LLC",16408,4.26,Free,965359176,com.sixmix.minder,https://apps.apple.com/gb/app/salams-halal-muslim-marriage/id965359176
Social Networking,20,WeChat,Tencent Technology (Shenzhen) Company Limited,7931,3.89,Free,414478124,com.tencent.xin,https://apps.apple.com/gb/app/wechat/id414478124
Social Networking,23,Bumpy - International Dating,Bumpy Inc.,4646,4.52,Free,1455336523,com.super-smash.bumpy,https://apps.apple.com/gb/app/bumpy-international-dating/id1455336523
Social Networking,26,Ashley Madison Discreet Dating,Ruby Life Inc.,3350,3.76,Free,359478823,com.avidlifemedia.ashleymadison,https://apps.apple.com/gb/app/ashley-madison-discreet-dating/id359478823
Social Networking,27,Letterboxd,Letterboxd Ltd,18849,4.78,Free,1054271011,com.letterboxd.LetterboxdApp,https://apps.apple.com/gb/app/letterboxd/id1054271011
Social Networking,28,SALT - Christian Dating App,SALT Group Ltd.,3206,4.22,Free,1276115488,com.besalt.app,https://apps.apple.com/gb/app/salt-christian-dating-app/id1276115488
Social Networking,30,IMVU: 3D Avatar Chat & Style,IMVU,16511,4.25,Free,919745844,com.imvu.mobilecordova,https://apps.apple.com/gb/app/imvu-3d-avatar-chat-style/id919745844
Social Networking,31,Aspect: AI-Only Social Media,"Arch Platforms, Inc.",1429,4.3,Free,6502742786,xyz.aspectapp.aspect,https://apps.apple.com/gb/app/aspect-ai-only-social-media/id6502742786
Social Networking,32,FET: Kinky BDSM Dating App,Ideawise Ltd.,4074,4.24,Free,1478870872,de.ideawise.fet,https://apps.apple.com/gb/app/fet-kinky-bdsm-dating-app/id1478870872
Social Networking,33,Shaadi.com Matrimony App,People Interactive (I) Pvt. Ltd.,8143,4.16,Free,480093204,com.shaadi.iphone,https://apps.apple.com/gb/app/shaadi-com-matrimony-app/id480093204
Social Networking,36,Repost+ for Instagram .,Livintis W.L.L.,5463,4.79,Free,1477820240,com.livintis.repostplusapp,https://apps.apple.com/gb/app/repost-for-instagram/id1477820240
Social Networking,38,Gaze - The Live Video Chat App,Vlmedia Yazilim Tanitim Bilisim Danismanlik Ic Ve Dis Ticaret Anonim Sirketi,1954,4.37,Free,1506577189,video.chat.gaze,https://apps.apple.com/gb/app/gaze-the-live-video-chat-app/id1506577189
Social Networking,40,ThaiFriendly Dating,Oxixo Private Ltd,4381,4.56,Free,1008710182,com.thaifriendly.app,https://apps.apple.com/gb/app/thaifriendly-dating/id1008710182
Social Networking,41,"LiveMe - Live Stream, Go live","KS Mobile, Inc.",1637,3.73,Free,1089836344,com.cmcm.live,https://apps.apple.com/gb/app/liveme-live-stream-go-live/id1089836344
Social Networking,45,Waplog - Dating & Video Call,Vlmedia Yazilim Tanitim Bilisim Danismanlik Ic Ve Dis Ticaret Anonim Sirketi,1506,4.47,Free,557997762,com.waplog,https://apps.apple.com/gb/app/waplog-dating-video-call/id557997762
Social Networking,47,Luxy: Selective Singles Dating,LUXY LIMITED,10796,4.64,Free,873518909,US.Luxy.Luxy,https://apps.apple.com/gb/app/luxy-selective-singles-dating/id873518909
Social Networking,48,Linktree: Link in Bio Creator,Linktree Pty Ltd,5588,4.76,Free,1593515263,ee.linktr.admin,https://apps.apple.com/gb/app/linktree-link-in-bio-creator/id1593515263
Social Networking,49,Dating.com: Global Chat & Date,Kreova Tech Llc,2074,3.33,Free,945614824,com.eurodate.ios,https://apps.apple.com/gb/app/dating-com-global-chat-date/id945614824
Social Networking,50,Weverse: Connect with Artists,WEVERSE COMPANY Inc.,5189,4.56,Free,1456559188,co.benx.weverse,https://apps.apple.com/gb/app/weverse-connect-with-artists/id1456559188
Social Networking,56,Curvy Dating App: WooPlus,DATING OASIS LIMITED,4031,4.41,Free,1011085984,com.teamn.wooplus,https://apps.apple.com/gb/app/curvy-dating-app-wooplus/id1011085984
Social Networking,57,MeetMe: Go Live & Meet People,The Meet Group Inc.,16294,4.2,Free,372648912,com.myYearbook.MyYearbook,https://apps.apple.com/gb/app/meetme-go-live-meet-people/id372648912
Social Networking,58,BeFriend - Make new friends,ORBITECH PTE. LTD.,5347,4.59,Free,1537012560,com.guppir.swiprForFriends,https://apps.apple.com/gb/app/befriend-make-new-friends/id1537012560
Social Networking,61,BlackGentry: Black Dating App,Zeeltech LLC,5959,4.67,Free,1494548587,com.BlackGentry.osvin,https://apps.apple.com/gb/app/blackgentry-black-dating-app/id1494548587
Social Networking,62,Christian Dating Connection,Widernet Communications Ltd,4004,4.16,Free,1158866595,com.widernet.fishtank,https://apps.apple.com/gb/app/christian-dating-connection/id1158866595
Social Networking,65,iSharing: GPS Location Tracker,"ISHARINGSOFT, INC.",4873,4.76,Free,416436167,com.isharing.iSharing-Lite,https://apps.apple.com/gb/app/isharing-gps-location-tracker/id416436167
Social Networking,66,Buffer: Plan & Schedule Posts,"Buffer, Inc.",9522,4.67,Free,490474324,com.buffer.buffer,https://apps.apple.com/gb/app/buffer-plan-schedule-posts/id490474324
Social Networking,70,Backbone — Next-Level Play,"Backbone Labs, Inc. (US)",5046,4.75,Free,1449660663,com.backbonelabs.backboneapp,https://apps.apple.com/gb/app/backbone-next-level-play/id1449660663
Social Networking,71,BLK: Black Singles Dating App,"Affinity Apps, LLC",1285,4.46,Free,1253586891,com.affinityapps.blk,https://apps.apple.com/gb/app/blk-black-singles-dating-app/id1253586891
Social Networking,76,imo-International Calls & Chat,imo.im,18470,4.37,Free,336435697,imoimiphone,https://apps.apple.com/gb/app/imo-international-calls-chat/id336435697
Social Networking,82,Reports Followers+ Tracker,BYTECORE MOBILITY LIMITED,6296,4.14,Free,1499924074,com.igtracker.insights,https://apps.apple.com/gb/app/reports-followers-tracker/id1499924074
Social Networking,83,Tagged Dating: Chat & Go Live!,Ifwe Inc.,17092,4.28,Free,358899126,com.tagged.meetme,https://apps.apple.com/gb/app/tagged-dating-chat-go-live/id358899126
Social Networking,86,知乎,"Beijing Zhizhetianxia Technology Co., Ltd.",2555,4.64,Free,432274380,com.zhihu.ios,https://apps.apple.com/gb/app/%E7%9F%A5%E4%B9%8E/id432274380
Social Networking,90,LINE,LY Corporation,1905,2.68,Free,443904275,jp.naver.line,https://apps.apple.com/gb/app/line/id443904275
Social Networking,93,Dingtone: Calling & Texting,Sixapps Limited,3026,4.5,Free,588937297,me.dingtone.im,https://apps.apple.com/gb/app/dingtone-calling-texting/id588937297
Social Networking,96,FollowMeter for Instagram,Followmeter LLC,3516,3.72,Free,651309421,com.beakerapps.InstaMeter,https://apps.apple.com/gb/app/followmeter-for-instagram/id651309421
Social Networking,97,KeepCalling International,"Miron Enterprises, LLC",2382,4.52,Free,518708790,com.keepcalling.KeepCalling,https://apps.apple.com/gb/app/keepcalling-international/id518708790
Social Networking,98,"Coco -Live Stream, Go Live",Newell Communications LLC,1086,4.23,Free,1435758172,com.live.juicy,https://apps.apple.com/gb/app/coco-live-stream-go-live/id1435758172
Social Networking,99,JusTalk Kids - Safe Messenger,"Ningbo Jus Internet Technology Co., Ltd.",13710,4.57,Free,1403744827,com.justalk.kids.ios,https://apps.apple.com/gb/app/justalk-kids-safe-messenger/id1403744827
Reference,4,Collectr - TCG Collector App,Collectr Inc,5572,4.86,Free,1603892248,com.collectrinc.collectr,https://apps.apple.com/gb/app/collectr-tcg-collector-app/id1603892248
Reference,5,CoinIn: Coin Snap Identifier,Vortemol Limited,2969,4.64,Free,1672111368,com.coininapp,https://apps.apple.com/gb/app/coinin-coin-snap-identifier/id1672111368
Reference,8,TCG Card Scanner - FoilSnap,Next Vision Limited,1298,4.68,Free,6752642525,com.tcgworth.identifier,https://apps.apple.com/gb/app/tcg-card-scanner-foilsnap/id6752642525
Reference,9,Hallow: Prayer & Meditation,"Hallow, Inc.",8354,4.86,Free,1405323394,app.hallow.Hallow,https://apps.apple.com/gb/app/hallow-prayer-meditation/id1405323394
Reference,10,HoloDex - TCG Scan & Collect,MAVELLI  - FZCO,2598,4.8,Free,6747442689,com.getholodex.app,https://apps.apple.com/gb/app/holodex-tcg-scan-collect/id6747442689
Reference,11,Pocket Sergeant - Police Guide,Paul Cooper,2720,4.67,Free,902491237,co.uk.sockmonkeystudios.pocketsgt,https://apps.apple.com/gb/app/pocket-sergeant-police-guide/id902491237
Reference,12,CoinSnap: Coin Identifier,Next Vision Limited,11563,4.72,Free,1634551626,com.coinidentifier.identifycoins,https://apps.apple.com/gb/app/coinsnap-coin-identifier/id1634551626
Reference,14,ReelTrends - AI Creator Tools,"ForUsApps, LLC",2885,4.69,Free,1612492046,com.forusapps.ReelTrends,https://apps.apple.com/gb/app/reeltrends-ai-creator-tools/id1612492046
Reference,16,Voice Translator: AI Translate,BP Mobile LLC,9874,4.32,Free,1036725690,vt.free,https://apps.apple.com/gb/app/voice-translator-ai-translate/id1036725690
Reference,18,Haven - Bible Chat,E12 Holdings LLC,4324,4.79,Free,6503387382,com.e12holdings.haven,https://apps.apple.com/gb/app/haven-bible-chat/id6503387382
Reference,19,Bible Chat: The Holy Scripture,Book Vitals Inc.,13832,4.9,Free,6448849666,com.basmo.BibleChat,https://apps.apple.com/gb/app/bible-chat-the-holy-scripture/id6448849666
Reference,24,MyHeritage: Family Tree & DNA,MyHeritage Ltd,15453,4.85,Free,477971748,com.myheritage.mobile,https://apps.apple.com/gb/app/myheritage-family-tree-dna/id477971748
Reference,25,WBuilds for Building Guide,Sagar Khurana,1259,4.62,Free,6755657280,com.indiecreatorluck.minecraftbuild,https://apps.apple.com/gb/app/wbuilds-for-building-guide/id6755657280
Reference,26,Oxford English Dictionary,"MobiSystems, Inc.",16802,4.53,Free,978674211,com.mobisystems.OxfordDictionaryOfEnglishFree,https://apps.apple.com/gb/app/oxford-english-dictionary/id978674211
Reference,27,Dex - for TCG Collectors,Pedro Carrasco,1986,4.8,Free,1555489854,pedrommcarrasco.Dex,https://apps.apple.com/gb/app/dex-for-tcg-collectors/id1555489854
Reference,28,WoodSense: Craft & Identifier,Next Vision Limited,1000,4.71,Free,6754165620,com.woodworking.identifier,https://apps.apple.com/gb/app/woodsense-craft-identifier/id6754165620
Reference,29,网易有道词典-10亿人的AI查词翻译助手,"Beijing NetEase Youdao Computer System Co.,Ltd",1538,4.6,Free,353115739,youdaoPro,https://apps.apple.com/gb/app/%E7%BD%91%E6%98%93%E6%9C%89%E9%81%93%E8%AF%8D%E5%85%B8-10%E4%BA%BF%E4%BA%BA%E7%9A%84ai%E6%9F%A5%E8%AF%8D%E7%BF%BB%E8%AF%91%E5%8A%A9%E6%89%8B/id353115739
Reference,31,Findmypast,FINDMYPAST LIMITED,4377,4.53,Free,1444898210,com.findmypast.prod,https://apps.apple.com/gb/app/findmypast/id1444898210
Reference,32,Ascension: Catholic Bible,"Ascension Publishing Group, LLC",1157,4.92,Free,1660909501,com.ascension.app,https://apps.apple.com/gb/app/ascension-catholic-bible/id1660909501
Reference,33,AntiqSnap: Antique Identifier,Next Vision Limited,1120,4.57,Free,6752929120,com.antiqueworth.identifier,https://apps.apple.com/gb/app/antiqsnap-antique-identifier/id6752929120
Reference,34,Facts - Daily Random Trivia,Monkey Taps,10793,4.69,Free,924977069,com.MonkeyTaps.Facts,https://apps.apple.com/gb/app/facts-daily-random-trivia/id924977069
Reference,38,UK Motorcycle Theory Test Kit,RAC Motoring Services,7563,4.78,Free,1484639454,com.skyunlimited.ukDrivingTestFreeCategoryA,https://apps.apple.com/gb/app/uk-motorcycle-theory-test-kit/id1484639454
Reference,39,Sky Tonight: Planet Finder Map,Vito Technology Inc.,17762,4.72,Free,1570594940,com.vitotechnology.sky.tonight.map.star.walk,https://apps.apple.com/gb/app/sky-tonight-planet-finder-map/id1570594940
Reference,40,Pillars: Prayer Times & Qibla,The Pillars Group Ltd,6407,4.81,Free,1559086853,com.MuslimPlus.MuslimPlus,https://apps.apple.com/gb/app/pillars-prayer-times-qibla/id1559086853
Reference,43,Abide: Bible Prayer Meditation,Guideposts Church Corporation,6500,4.79,Free,726031617,is.abide.abide,https://apps.apple.com/gb/app/abide-bible-prayer-meditation/id726031617
Reference,44,Picture Bird - Bird Identifier,Next Vision Limited,4310,4.53,Free,1474586978,cn.danatech.pictureBird,https://apps.apple.com/gb/app/picture-bird-bird-identifier/id1474586978
Reference,47,Quran Widgets: Verses & Duas,Cloud Studios Teknoloji Yatirim Anonim Sirketi,1822,4.84,Free,6758387571,com.cloud.quranwidget,https://apps.apple.com/gb/app/quran-widgets-verses-duas/id6758387571
Reference,48,Talk & Translate AI Translator,"MobiSystems, Inc.",1968,4.37,Free,1102728735,com.mobisystems.MSTranslator,https://apps.apple.com/gb/app/talk-translate-ai-translator/id1102728735
Reference,49,Deen Buddy: Quran Chat Muslim,"Red Sky Labs, SOCIEDAD LIMITADA",3898,4.72,Free,6740403566,Deen-Buddy.Deen-Buddy,https://apps.apple.com/gb/app/deen-buddy-quran-chat-muslim/id6740403566
Reference,54,PlantAI: Identifier & Diagnose,Glority Global Group Ltd.,1050,4.6,Free,1664437810,com.ask.my.botanist,https://apps.apple.com/gb/app/plantai-identifier-diagnose/id1664437810
Reference,55,Just Pray: Track Muslim Prayer,Ihsan Studios FZ-LLC,1915,4.82,Free,6747154163,com.justprayapp.justpray,https://apps.apple.com/gb/app/just-pray-track-muslim-prayer/id6747154163
Reference,56,Bird Song Identifier UK Sound,Nhu Nguyen Thi,2578,4.59,Free,6449354786,com.nhu.bird.song.ai,https://apps.apple.com/gb/app/bird-song-identifier-uk-sound/id6449354786
Reference,59,Acorn TCG Card Scanner App,Juanjo Valino,2959,4.73,Free,6740246597,com.jjvalino.Acorn,https://apps.apple.com/gb/app/acorn-tcg-card-scanner-app/id6740246597
Reference,60,"PriceCharting: TCG, Games+",PriceCharting LLC,1224,4.82,Free,6452190948,com.vgpc.PriceCharting,https://apps.apple.com/gb/app/pricecharting-tcg-games/id6452190948
Reference,68,DeepL Translate,DeepL SE,3062,4.76,Free,1552407475,com.linguee.DeepLMobileTranslator,https://apps.apple.com/gb/app/deepl-translate/id1552407475
Reference,76,Dwell: Audio Bible,"Dwell App, LLC",1983,4.86,Free,1343917374,io.dwellapp.dwell,https://apps.apple.com/gb/app/dwell-audio-bible/id1343917374
Reference,86,Satellite Tracker by Star Walk,Vito Technology Inc.,14689,4.56,Free,1248172706,com.vitotechnology.SatelliteTracker,https://apps.apple.com/gb/app/satellite-tracker-by-star-walk/id1248172706
Reference,89,Bible App by Olive Tree,Gospel Technologies LLC,16997,4.81,Free,332615624,com.olivetree.BR-Free,https://apps.apple.com/gb/app/bible-app-by-olive-tree/id332615624
Reference,90,TrendTok Analytics & Tracker,"ForUsApps, LLC",5710,4.73,Free,1550778062,com.forusapps.TikTrends,https://apps.apple.com/gb/app/trendtok-analytics-tracker/id1550778062
Reference,91,VR Virtual Reality 360°,AI Tools Apps SRL,3535,4.47,Free,1579274717,com.vrapps.vids,https://apps.apple.com/gb/app/vr-virtual-reality-360/id1579274717
Reference,95,Glorify: Devotional & Prayer,TUPOE LTD,9002,4.89,Free,1490587079,com.Quiet-Time,https://apps.apple.com/gb/app/glorify-devotional-prayer/id1490587079
Reference,96,#Bible - Verse of the Day,Godward LLC,13155,4.84,Free,1255711035,com.mindblownapp.daily-bible,https://apps.apple.com/gb/app/bible-verse-of-the-day/id1255711035
Productivity,10,Plaud: AI Note Taker,PLAUD LLC,2192,4.79,Free,6450364080,ai.plaud.ios.plaud,https://apps.apple.com/gb/app/plaud-ai-note-taker/id6450364080
Productivity,13,Otter Transcribe Voice Notes,"Otter.ai, Inc.",14402,4.72,Free,1276437113,com.aisense.otter,https://apps.apple.com/gb/app/otter-transcribe-voice-notes/id1276437113
Productivity,18,Word Office:Edit Word Document,Rhophi Analytics LLP,2410,4.63,Free,6444708069,com.a1office.docx.editor,https://apps.apple.com/gb/app/word-office-edit-word-document/id6444708069
Productivity,21,Summary - AI Note Taker,Labhouse Mobile SL,4688,4.61,Free,6670175056,io.labhouse.audioapp,https://apps.apple.com/gb/app/summary-ai-note-taker/id6670175056
Productivity,26,Translator GO: AI Translate,"INISATRE, S.L.",3095,4.31,Free,1570134612,mobile.app.tools.translator,https://apps.apple.com/gb/app/translator-go-ai-translate/id1570134612
Productivity,28,Wispr Flow: AI Voice Keyboard,Wispr AI INC,2443,4.8,Free,6497229487,com.wispr.flowapp,https://apps.apple.com/gb/app/wispr-flow-ai-voice-keyboard/id6497229487
Productivity,29,1Password: Password Manager,AgileBits Inc.,3027,4.61,Free,1511601750,com.1password.1password,https://apps.apple.com/gb/app/1password-password-manager/id1511601750
Productivity,33,Chatbot AI Assistant - Genie,APPNATION YAZILIM HIZMETLERI TICARET ANONIM SIRKETI,18404,4.66,Free,1658377526,co.appnation.geniechat,https://apps.apple.com/gb/app/chatbot-ai-assistant-genie/id1658377526
Productivity,34,Goldie: Appointment Scheduling,QUARTET HOLDCO S.R.L.,2442,4.82,Free,1068911190,com.appointfix.Appointfix,https://apps.apple.com/gb/app/goldie-appointment-scheduling/id1068911190
Productivity,35,MEGA: Encrypted Cloud Storage,Mega Networks LLC,12680,4.44,Free,706857885,mega.ios,https://apps.apple.com/gb/app/mega-encrypted-cloud-storage/id706857885
Productivity,36,Manus - AI Agent & Automation,BUTTERFLY EFFECT PTE. LTD.,4457,4.71,Free,6740909540,tech.butterfly.app,https://apps.apple.com/gb/app/manus-ai-agent-automation/id6740909540
Productivity,39,Opal: Screen Time Control,OPAL OS CORPORATION,14554,4.64,Free,1497465230,com.withopal.opal,https://apps.apple.com/gb/app/opal-screen-time-control/id1497465230
Productivity,40,Evernote - AI Notes Organizer,Evernote Corporation,8704,4.23,Free,281796108,com.evernote.iPhone.Evernote,https://apps.apple.com/gb/app/evernote-ai-notes-organizer/id281796108
Productivity,41,Dashlane Password Manager,Dashlane,12421,4.74,Free,517914548,com.dashlane.dashlanephonefinal,https://apps.apple.com/gb/app/dashlane-password-manager/id517914548
Productivity,42,Norton VPN – Fast & Secure,Gen Digital Inc.,17134,4.33,Free,1095519285,com.symantec.securewifi,https://apps.apple.com/gb/app/norton-vpn-fast-secure/id1095519285
Productivity,45,BePresent: Screen Time Tracker,Screen Detox Inc,6155,4.76,Free,1644737181,com.getpresentapp.Present,https://apps.apple.com/gb/app/bepresent-screen-time-tracker/id1644737181
Productivity,46,Keeper Password Manager,Callpod Inc.,9765,4.8,Free,287170072,D4D2433BGC,https://apps.apple.com/gb/app/keeper-password-manager/id287170072
Productivity,47,Carly — OBD2 car scanner,Carly Solutions GmbH Co KG,8097,4.67,Free,467344155,com.iViNi.BMWhatLite2,https://apps.apple.com/gb/app/carly-obd2-car-scanner/id467344155
Productivity,48,iCertifi: Electrical Certs,iCertifi,6946,4.63,Free,490104124,com.1callelectrical.iCertifi,https://apps.apple.com/gb/app/icertifi-electrical-certs/id490104124
Productivity,49,Chat Smith: AI Chatbot & Agent,CHAT SMITH OPCO PTE. LTD,19581,4.54,Free,1559479889,co.vulcanlabs.moodtracker,https://apps.apple.com/gb/app/chat-smith-ai-chatbot-agent/id1559479889
Productivity,50,Mobile Scanner App - Scan PDF,Glority Global Group Ltd.,11875,4.72,Free,1461747901,com.glority.everlens,https://apps.apple.com/gb/app/mobile-scanner-app-scan-pdf/id1461747901
Productivity,51,SocialLite-Block Reels&Shorts,Sociallite LLC,1618,4.73,Free,6757661674,social.Social-lite,https://apps.apple.com/gb/app/sociallite-block-reels-shorts/id6757661674
Productivity,52,Google One,Google LLC,1108,4.6,Free,1451784328,com.google.one,https://apps.apple.com/gb/app/google-one/id1451784328
Productivity,53,AppClose,AppClose Inc,2743,4.65,Free,1019290876,com.appclose.appclose,https://apps.apple.com/gb/app/appclose/id1019290876
Productivity,54,Authenticator Ⓡ App,MATECHMOBILE SOFTWARE JOINT STOCK COMPANY,1177,4.14,Free,6480253221,com.security.authenticator2fa,https://apps.apple.com/gb/app/authenticator-app/id6480253221
Productivity,56,TunnelBear: Safe and Fast VPN,"TunnelBear, LLC",19992,4.44,Free,564842283,com.tunnelbear.ios.TunnelBear,https://apps.apple.com/gb/app/tunnelbear-safe-and-fast-vpn/id564842283
Productivity,57,VPN Windscribe: Fast & Secure,Windscribe Limited,4607,4.63,Free,1129435228,com.windscribe,https://apps.apple.com/gb/app/vpn-windscribe-fast-secure/id1129435228
Productivity,60,MobiPDF・PDF Editor・Reader・Sign,"MobiSystems, Inc.",2564,4.76,Free,1527395366,com.mobisystems.PDFExtra,https://apps.apple.com/gb/app/mobipdf-pdf-editor-reader-sign/id1527395366
Productivity,63,BimmerCode,SG Software GmbH & Co. KG,5409,4.56,Free,1130787459,com.bimmerlink.BimmerLinkCoder,https://apps.apple.com/gb/app/bimmercode/id1130787459
Productivity,64,VPN Hotspot Shield: VPN Proxy,"AnchorFree, LLC",19252,4.43,Free,443369807,com.anchorfree.hss,https://apps.apple.com/gb/app/vpn-hotspot-shield-vpn-proxy/id443369807
Productivity,65,OurFamilyWizard Co-Parent App,"OurFamilyWizard, LLC",1593,4.4,Free,497405393,com.ourfamilywizard.ofwapp,https://apps.apple.com/gb/app/ourfamilywizard-co-parent-app/id497405393
Productivity,67,Quillbot: Gen AI Writing Tool,"QuillBot, a Learneo Inc. business",1240,4.74,Free,6463116243,com.quillbot.app,https://apps.apple.com/gb/app/quillbot-gen-ai-writing-tool/id6463116243
Productivity,70,BimmerLink,SG Software GmbH & Co. KG,1988,4.62,Free,1065360416,com.stephangauch.BimmerDash,https://apps.apple.com/gb/app/bimmerlink/id1065360416
Productivity,72,Authenticator App,"UNSTABLE, SL",3994,4.61,Free,1538761576,com.2stable.2fa,https://apps.apple.com/gb/app/authenticator-app/id1538761576
Productivity,73,AI Chatbot - Nova,SCALEUP YAZILIM HIZMETLERI ANONIM SIRKETI,14734,4.61,Free,1669007652,com.scaleup.chatai,https://apps.apple.com/gb/app/ai-chatbot-nova/id1669007652
Productivity,75,Minutes: AI Meeting Note Taker,"Minutes AI, LLC",2294,4.83,Free,6504206467,ventures.slam.minutes,https://apps.apple.com/gb/app/minutes-ai-meeting-note-taker/id6504206467
Productivity,78,PDF Converter - Word to PDF,Minimodev Technologies LTD,4709,4.78,Free,1515133401,com.pdf-converter.ios,https://apps.apple.com/gb/app/pdf-converter-word-to-pdf/id1515133401
Productivity,80,Turbo VPN Private Browser,INNOVATIVE CONNECTING PTE.LIMITED,17681,4.65,Free,1365309175,com.allconnected.turbovpn,https://apps.apple.com/gb/app/turbo-vpn-private-browser/id1365309175
Productivity,81,AI Chat Assistant – ChatNow,Tappz GmbH,4491,4.7,Free,1667518571,com.tappz.aichat,https://apps.apple.com/gb/app/ai-chat-assistant-chatnow/id1667518571
Productivity,82,F-Secure FREEDOME VPN,F-Secure Corporation,1052,4.33,Free,771791010,com.f-secure.freedome,https://apps.apple.com/gb/app/f-secure-freedome-vpn/id771791010
Productivity,85,CyberGhost: Safe & Private VPN,Cyberghost SRL,10025,4.32,Free,583009522,com.cyberghostsrl.cyberghostvpn,https://apps.apple.com/gb/app/cyberghost-safe-private-vpn/id583009522
Productivity,86,Tiimo: Daily To-Do List,tiimo ApS,4050,4.46,Free,1480220328,com.tiimo.app,https://apps.apple.com/gb/app/tiimo-daily-to-do-list/id1480220328
Productivity,88,SignNow: e-Signature app,"airSlate, Inc.",1377,4.29,Free,489262811,com.signnow.signnow,https://apps.apple.com/gb/app/signnow-e-signature-app/id489262811
Productivity,89,Encrypted Email - Proton Mail,Proton AG,5789,4.68,Free,979659905,ch.protonmail.protonmail,https://apps.apple.com/gb/app/encrypted-email-proton-mail/id979659905
Productivity,90,SpeakApp AI: Voice Notes,VoicePop Inc.,1515,4.55,Free,6468764490,com.voicepop.lab,https://apps.apple.com/gb/app/speakapp-ai-voice-notes/id6468764490
Productivity,91,"Notion: notes, tasks, AI","Notion Labs, Incorporated",15045,4.72,Free,1232780281,notion.id,https://apps.apple.com/gb/app/notion-notes-tasks-ai/id1232780281
Productivity,92,Google Form App,Aurora Innovation Limited,4275,4.67,Free,1619382448,com.bd.formsapp,https://apps.apple.com/gb/app/google-form-app/id1619382448
Productivity,94,FamilyWall: Family Organizer,Family & Co,8986,4.85,Free,496889629,com.familyandco.fw,https://apps.apple.com/gb/app/familywall-family-organizer/id496889629
Productivity,99,TickTick:To-Do List & Calendar,Appest Limited,6643,4.82,Free,626144601,com.TickTick.task,https://apps.apple.com/gb/app/ticktick-to-do-list-calendar/id626144601
Productivity,100,TeraBox: 1TB Cloud & AI Space,FLEXTECH INC.,2509,4.07,Free,1509453185,com.dubox.drive,https://apps.apple.com/gb/app/terabox-1tb-cloud-ai-space/id1509453185
Photo & Video,13,Runway: AI Image & Video,"Runway AI, Inc.",1798,4.27,Free,1665024375,com.runwayml.mobiletest,https://apps.apple.com/gb/app/runway-ai-image-video/id1665024375
Photo & Video,17,SCRL: Photo Collage Maker,Appostrophe AB,10091,4.74,Free,1289057196,com.dopedevelopment.Panels,https://apps.apple.com/gb/app/scrl-photo-collage-maker/id1289057196
Photo & Video,21,Captions: AI Edits Your Video,"Captions, LLC",4251,4.67,Free,1541407007,boomer.Smart-Video,https://apps.apple.com/gb/app/captions-ai-edits-your-video/id1541407007
Photo & Video,24,Retake AI: Face & Photo Editor,DEEP FLOW SOFTWARE SERVICES - FZCO,2670,4.45,Free,6466298983,com.codespaceapps.you,https://apps.apple.com/gb/app/retake-ai-face-photo-editor/id6466298983
Photo & Video,26,Collage Maker Grid Pic Jointer,Mosaic S.r.l.,16705,4.41,Free,509987785,com.lileping.photoframepro,https://apps.apple.com/gb/app/collage-maker-grid-pic-jointer/id509987785
Photo & Video,29,Meitu- AI Photo & Video Editor,"Meitu Technology Co., Ltd.",7743,4.75,Free,416048305,com.meitu.mtxx,https://apps.apple.com/gb/app/meitu-ai-photo-video-editor/id416048305
Photo & Video,30,VSCO: Photo Editor,Visual Supply Company,17682,4.56,Free,588013838,co.visualsupply.cam,https://apps.apple.com/gb/app/vsco-photo-editor/id588013838
Photo & Video,31,KICK - Live Streaming,Kick Streaming Pty Ltd,9217,4.54,Free,6446202561,com.kick.mobile,https://apps.apple.com/gb/app/kick-live-streaming/id6446202561
Photo & Video,33,Videoleap - AI Video Editor,Lightricks Ltd.,15148,4.48,Free,1255135442,com.lightricks.Enlight-Video,https://apps.apple.com/gb/app/videoleap-ai-video-editor/id1255135442
Photo & Video,34,Facelab: Face & Body Editor,IRONTECH LIMITED,11591,4.48,Free,1361012099,com.photo.beautytuneapp,https://apps.apple.com/gb/app/facelab-face-body-editor/id1361012099
Photo & Video,35,Esti: Vintage Camera Filters,Prequel Inc.,1762,4.58,Free,6457366208,com.prequelapp.esti,https://apps.apple.com/gb/app/esti-vintage-camera-filters/id6457366208
Photo & Video,36,Tezza: Aesthetic Photo Editor,Tezza App LLC,2415,4.72,Free,1393061654,com.tezzanyc.Tezza,https://apps.apple.com/gb/app/tezza-aesthetic-photo-editor/id1393061654
Photo & Video,37,Toonapp: AI Photo & Video Art,LYREBIRD STUDIO FZE,5596,4.61,Free,1540719743,com.lyrebirdstudio.cartoon,https://apps.apple.com/gb/app/toonapp-ai-photo-video-art/id1540719743
Photo & Video,39,AI Video Generator - HeyGen,HeyGen Technology Inc.,2815,4.72,Free,6711356409,com.heygen.mobile,https://apps.apple.com/gb/app/ai-video-generator-heygen/id6711356409
Photo & Video,40,Photo Scan App by Photomyne,Photomyne LTD,15061,4.65,Free,1037784828,com.photomyne.photomyneapplite,https://apps.apple.com/gb/app/photo-scan-app-by-photomyne/id1037784828
Photo & Video,41,Vimeo,"Vimeo.com, Inc.",1287,4.19,Free,425194759,com.vimeo,https://apps.apple.com/gb/app/vimeo/id425194759
Photo & Video,42,Hypic - Photo Editor & AI Art,BYTEDANCE PTE. LTD.,3665,4.55,Free,1644042837,com.xt.retouchoversea,https://apps.apple.com/gb/app/hypic-photo-editor-ai-art/id1644042837
Photo & Video,43,Video Up! Video Editor & Maker,"MAETCH EXPANSION, S.L.",10175,4.47,Free,1585824635,video.up.editor.maker,https://apps.apple.com/gb/app/video-up-video-editor-maker/id1585824635
Photo & Video,44,Dance AI - Video Generator,Deepix AI Yazilim Teknolojileri Anonim Sirketi,1343,4.34,Free,6758041184,com.deepix.danceai,https://apps.apple.com/gb/app/dance-ai-video-generator/id6758041184
Photo & Video,45,ElevenLabs: AI Voice Generator,Eleven Labs Inc.,3083,4.77,Free,6743162587,io.elevenlabs.coreapp,https://apps.apple.com/gb/app/elevenlabs-ai-voice-generator/id6743162587
Photo & Video,47,Insta360,Istone Innovation Limited,1571,4.18,Free,1491299654,com.insta360.oner,https://apps.apple.com/gb/app/insta360/id1491299654
Photo & Video,48,invideo: AI Video Editor,Invideo Inc,4100,4.5,Free,6471394316,io.invideo.ai,https://apps.apple.com/gb/app/invideo-ai-video-editor/id6471394316
Photo & Video,49,Instories: AI Photo & Video,Ylee Studio LTD,7378,4.65,Free,1454762989,ylee.studio.instories,https://apps.apple.com/gb/app/instories-ai-photo-video/id1454762989
Photo & Video,51,"Polycam 3D Scanner, LiDAR, 360",Polycam Inc.,8465,4.64,Free,1532482376,ai.polycam.polycam,https://apps.apple.com/gb/app/polycam-3d-scanner-lidar-360/id1532482376
Photo & Video,52,YouCam Makeup: Face Editor,PERFECT MOBILE CORP.,12078,4.64,Free,863844475,com.cyberlink.youcammakeup,https://apps.apple.com/gb/app/youcam-makeup-face-editor/id863844475
Photo & Video,53,Photo Organiser: Picnic,MWM,2428,4.71,Free,6450713784,ventures.picnic.phoenix,https://apps.apple.com/gb/app/photo-organiser-picnic/id6450713784
Photo & Video,54,YouCam Perfect:AI Photo Editor,PERFECT MOBILE CORP.,8570,4.71,Free,768469908,com.cyberlink.youperfect,https://apps.apple.com/gb/app/youcam-perfect-ai-photo-editor/id768469908
Photo & Video,56,PrettyUp - Body Editor Video,Pixl Concerto Technology Limited,1612,4.51,Free,1544211932,com.floatcamellia.prettyup,https://apps.apple.com/gb/app/prettyup-body-editor-video/id1544211932
Photo & Video,58,Slideshow Video & Photo Maker,Mosaic S.r.l.,13324,4.18,Free,924826256,com.spacegab.slideshow,https://apps.apple.com/gb/app/slideshow-video-photo-maker/id924826256
Photo & Video,59,AI Mirror: AI Photo Editor,POLYVERSE ENTERTAINMENT INC.,4576,4.51,Free,6444888896,com.ai.polyverse.mirror.ios,https://apps.apple.com/gb/app/ai-mirror-ai-photo-editor/id6444888896
Photo & Video,61,Persona: Beauty Camera,"TICKET TO THE MOON, INC.",3459,4.68,Free,1561622206,com.tickettothemoon.video.persona,https://apps.apple.com/gb/app/persona-beauty-camera/id1561622206
Photo & Video,63,Momo: AI Photo & Video Maker,SCALEUP YAZILIM HIZMETLERI ANONIM SIRKETI,6010,4.16,Free,1658822260,com.scaleup.dreame,https://apps.apple.com/gb/app/momo-ai-photo-video-maker/id1658822260
Photo & Video,64,Reel Maker for Instagram・BEAT,Onelight Apps CY Ltd,2512,4.7,Free,6443517019,reels-maker-one,https://apps.apple.com/gb/app/reel-maker-for-instagram-beat/id6443517019
Photo & Video,65,Vids AI - Reels Video Editor,Viral Vision Ltd,3353,4.64,Free,1634361180,viral.vision.vids,https://apps.apple.com/gb/app/vids-ai-reels-video-editor/id1634361180
Photo & Video,66,Photo Vault by Keepsafe,"KeepSafe Software, Inc",19989,4.68,Free,510873505,com.keepsafe.KeepSafe,https://apps.apple.com/gb/app/photo-vault-by-keepsafe/id510873505
Photo & Video,67,"AI Photo Video Editor, Enhance",COOL SUMMER LIMITED,1984,4.33,Free,6447604690,ai.photo.enhancer.colorize.clear,https://apps.apple.com/gb/app/ai-photo-video-editor-enhance/id6447604690
Photo & Video,69,Layout Photo Collage - Mixgram,Lyam Apps fze,3917,4.6,Free,785638228,lma.Mixgram,https://apps.apple.com/gb/app/layout-photo-collage-mixgram/id785638228
Photo & Video,72,Leica LUX - Pro Manual Camera,Leica Camera AG,1595,4.75,Free,6477182657,com.leica-camera.camera,https://apps.apple.com/gb/app/leica-lux-pro-manual-camera/id6477182657
Photo & Video,73,Alight Motion,Bending Spoons Apps ApS,8357,4.26,Free,1459833443,com.alightcreative.motion,https://apps.apple.com/gb/app/alight-motion/id1459833443
Photo & Video,74,Video Star,"Frontier Design Group, LLC",12589,3.85,Free,438596432,com.frontierdesign.videostar,https://apps.apple.com/gb/app/video-star/id438596432
Photo & Video,76,1 Second Everyday: Video Diary,"1 Second Everyday, P.B.C.",13223,4.78,Free,587823548,CesarKuriyama.OneSecondEveryday,https://apps.apple.com/gb/app/1-second-everyday-video-diary/id587823548
Photo & Video,79,VideoGPT - AI Video Generator,ElevenThirteen LLC,5796,4.68,Free,6451396274,com.elven.video,https://apps.apple.com/gb/app/videogpt-ai-video-generator/id6451396274
Photo & Video,81,Fontmaker - Font Keyboard App,Sociaaal LLC,13357,4.27,Free,1573791613,com.mangolabs.fontmaker,https://apps.apple.com/gb/app/fontmaker-font-keyboard-app/id1573791613
Photo & Video,83,GRIDS: Layout for Instagram,WNDR11 LTD,5849,4.49,Free,666575203,com.ultralabapps.instagrids,https://apps.apple.com/gb/app/grids-layout-for-instagram/id666575203
Photo & Video,85,BIGVU Teleprompter Captions AI,BIGVU INC,3630,4.63,Free,1124958568,tv.bigvu.reporter,https://apps.apple.com/gb/app/bigvu-teleprompter-captions-ai/id1124958568
Photo & Video,87,PhotoGrid: Video Collage Maker,JUPITER PALACE PTE. LTD.,6339,4.83,Free,543577420,com.YunFang.PhotoGrid,https://apps.apple.com/gb/app/photogrid-video-collage-maker/id543577420
Photo & Video,88,TouchRetouch: Photo Editor,ADVA Soft GmbH,7019,4.69,Free,373311252,com.advasoft.touchretouch,https://apps.apple.com/gb/app/touchretouch-photo-editor/id373311252
Photo & Video,89,Teleprompter for Video,Norton Five Ltd,3295,4.82,Free,1139307843,com.scripted.video,https://apps.apple.com/gb/app/teleprompter-for-video/id1139307843
Photo & Video,92,Retouch Me: Face Editor & Tune,Good Retouch LP,2057,4.23,Free,830286763,com.isd.retouchme,https://apps.apple.com/gb/app/retouch-me-face-editor-tune/id830286763
Photo & Video,94,Photo Retouch-Object Removal,"Shenzhen Tushi Technology Co.,Ltd",14888,4.35,Free,1230394683,com.biggerlens.photoretouch,https://apps.apple.com/gb/app/photo-retouch-object-removal/id1230394683
Photo & Video,96,"FaceLab: Aging, Haircut Filter",LYREBIRD STUDIO FZE,3394,4.45,Free,1530776865,com.lyrebirdstudio.facelab,https://apps.apple.com/gb/app/facelab-aging-haircut-filter/id1530776865
Photo & Video,97,Photoleap: AI Art Photo Editor,Lightricks Ltd.,18204,4.58,Free,1191337894,com.lightricks.Enlight-Editor,https://apps.apple.com/gb/app/photoleap-ai-art-photo-editor/id1191337894
Photo & Video,98,GIO: AI Headshot Generator Pro,Prequel Inc.,1848,4.2,Free,6449296449,com.prequelapp.ai-studio,https://apps.apple.com/gb/app/gio-ai-headshot-generator-pro/id6449296449
Photo & Video,99,Pollo AI: AI Video & Image,COCOSOFT TECHNOLOGY PTE. LTD.,1508,4.34,Free,6740024098,com.polllo.aivideo,https://apps.apple.com/gb/app/pollo-ai-ai-video-image/id6740024098
Photo & Video,100,Colourtone: Photo Editor,CEE ENTERPRISES PTY LTD,1714,4.09,Free,1383338239,com.colorpresets.colourtone,https://apps.apple.com/gb/app/colourtone-photo-editor/id1383338239
News,5,The Times: UK & World News,Times Media Limited (Apps),9324,4.01,Free,436792321,com.thetimes.timesmobile,https://apps.apple.com/gb/app/the-times-uk-world-news/id436792321
News,9,Bloomberg: Business News Daily,Bloomberg Finance LP,12490,4.54,Free,281941097,com.bloomberg.Bloomberg,https://apps.apple.com/gb/app/bloomberg-business-news-daily/id281941097
News,10,NYTimes: Breaking World News,The New York Times Company,14060,4.74,Free,284862083,com.nytimes.NYTimes,https://apps.apple.com/gb/app/nytimes-breaking-world-news/id284862083
News,11,The Wall Street Journal. News,"Dow Jones & Company, Inc., publisher of The Wall Street Journal.",5095,4.62,Free,364387007,com.dowjones.WSJ.ipad,https://apps.apple.com/gb/app/the-wall-street-journal-news/id364387007
News,13,Daily Mail Newspaper,dmg media ltd,3544,4.54,Free,579607657,uk.co.dailymailplus.ipad,https://apps.apple.com/gb/app/daily-mail-newspaper/id579607657
News,15,GB News,GB NEWS LIMITED,4270,4.27,Free,1566365113,uk.gbnews.app,https://apps.apple.com/gb/app/gb-news/id1566365113
News,16,"Le Monde, Live News",Societe Editrice du Monde,1584,4.65,Free,294047850,fr.lemonde.LeMonde,https://apps.apple.com/gb/app/le-monde-live-news/id294047850
News,18,Ground News,Snapwise Inc.,3280,4.58,Free,1324203419,com.checkitt,https://apps.apple.com/gb/app/ground-news/id1324203419
News,19,CNBC: Stock Market & Business,Versant Media LLC,17380,4.72,Free,398018310,com.nbcuni.cnbc.cnbcrtipad,https://apps.apple.com/gb/app/cnbc-stock-market-business/id398018310
News,23,Kiki: Local Chat & People Near,RADEMADE TECHNOLOGIES OU,1053,4.34,Free,6499032288,com.rademade.kikihub,https://apps.apple.com/gb/app/kiki-local-chat-people-near/id6499032288
News,25,The i Paper: UK & World News,dmg media ltd,12564,4.63,Free,1479545703,com.jpi.inews,https://apps.apple.com/gb/app/the-i-paper-uk-world-news/id1479545703
News,26,The Independent,Independent Digital News & Media Limited,8882,4.49,Free,499587380,com.freerange360.indy,https://apps.apple.com/gb/app/the-independent/id499587380
News,28,The Sun Digital Newspaper,News UK & Ireland Limited,7784,4.41,Free,373954290,com.nidigitalsolutions.thesunipad,https://apps.apple.com/gb/app/the-sun-digital-newspaper/id373954290
News,29,New Scientist International,NEW SCIENTIST LIMITED,10418,4.7,Free,685937075,com.rbi.nsc.pp,https://apps.apple.com/gb/app/new-scientist-international/id685937075
News,30,Belfast Telegraph News,Mediahuis UK Ltd,1288,4.67,Free,1229633020,com.belfast.telegraph,https://apps.apple.com/gb/app/belfast-telegraph-news/id1229633020
News,32,Le Figaro Actualités en direct,Societe du Figaro,1570,4.62,Free,319557427,com.lefigaro.Figaro.fr,https://apps.apple.com/gb/app/le-figaro-actualit%C3%A9s-en-direct/id319557427
News,33,The Sun Mobile - Daily News,News UK & Ireland Limited,15501,4.67,Free,485672520,com.thesun.sunmobile,https://apps.apple.com/gb/app/the-sun-mobile-daily-news/id485672520
News,34,Overcast Podcast App,"Overcast Radio, LLC",6139,4.6,Free,888422857,fm.overcast.overcast,https://apps.apple.com/gb/app/overcast-podcast-app/id888422857
News,36,Narwhal for Reddit,"robot swingset, llc.",1192,4.42,Free,845422455,com.rickharrison.narwhal,https://apps.apple.com/gb/app/narwhal-for-reddit/id845422455
News,38,Washington Post,The Washington Post Company,8241,4.73,Free,352509417,com.pointabout.washingtonpost,https://apps.apple.com/gb/app/washington-post/id352509417
News,39,Manchester Evening News,Trinity Mirror Digital Media Ltd,9575,4.48,Free,334456452,com.spreednews.manchesteren,https://apps.apple.com/gb/app/manchester-evening-news/id334456452
News,41,Liverpool Echo,Trinity Mirror Digital Media Ltd,8262,4.46,Free,684274958,com.mirror.liverpoolecho,https://apps.apple.com/gb/app/liverpool-echo/id684274958
News,42,"LBC: UK, World & Breaking News",Global Media & Entertainment Limited,8154,4.56,Free,297700808,com.thisisglobal.LBC973,https://apps.apple.com/gb/app/lbc-uk-world-breaking-news/id297700808
News,43,FT Digital Edition,Financial Times Ltd.,2678,4.71,Free,6449040684,com.ft.ft-epaper-ios,https://apps.apple.com/gb/app/ft-digital-edition/id6449040684
News,45,The Week UK: Daily Analysis,Future Publishing Ltd.,10393,4.65,Free,468108781,uk.co.theweek,https://apps.apple.com/gb/app/the-week-uk-daily-analysis/id468108781
News,49,The Atlantic Magazine,The Atlantic Monthly Group LLC,1392,4.85,Free,397599894,com.rarewire.TheAtlanticNewstand,https://apps.apple.com/gb/app/the-atlantic-magazine/id397599894
News,50,Wales Online,Trinity Mirror Digital Media Ltd,8583,4.44,Free,683284483,com.mirror.walesonline,https://apps.apple.com/gb/app/wales-online/id683284483
News,54,The Local - News in English,The Local Europe AB,1099,4.66,Free,1078564301,com.thelocal,https://apps.apple.com/gb/app/the-local-news-in-english/id1078564301
News,55,Espresso: World news in a shot,The Economist Newspaper Group Inc.,7768,4.78,Free,896628003,com.economist.darwin,https://apps.apple.com/gb/app/espresso-world-news-in-a-shot/id896628003
News,57,Daily Mirror Newspaper,Reach Shared Services Limited,3963,4.32,Free,574816972,com.mirror.appstore.dailymirror5replica,https://apps.apple.com/gb/app/daily-mirror-newspaper/id574816972
News,58,Pocket Casts: Podcast Player,"Automattic, Inc.",2369,4.58,Free,414834813,au.com.shiftyjelly.podcasts,https://apps.apple.com/gb/app/pocket-casts-podcast-player/id414834813
News,59,Daily Record App,Trinity Mirror Digital Media Ltd,5157,4.45,Free,587421154,com.scottish.dailyrecord,https://apps.apple.com/gb/app/daily-record-app/id587421154
News,70,Daily Express,Trinity Mirror Digital Media Ltd,7182,4.43,Free,419139113,com.mippin.iphone.bw.m14581,https://apps.apple.com/gb/app/daily-express/id419139113
News,72,Daily Express Newspaper,Reach Shared Services Limited,1358,4.48,Free,1015437283,com.pagesuite.expressipad.new,https://apps.apple.com/gb/app/daily-express-newspaper/id1015437283
News,75,New Statesman Magazine,Progressive Media International Ltd.,3126,4.68,Free,610498525,com.progressivemediagroup.newstatesman,https://apps.apple.com/gb/app/new-statesman-magazine/id610498525
News,77,The Scotsman Newspaper,Iconic Media Group Limited,1780,4.34,Free,491137054,com.sctosman.jobs,https://apps.apple.com/gb/app/the-scotsman-newspaper/id491137054
News,78,Newcastle Chronicle,Trinity Mirror Digital Media Ltd,4272,4.38,Free,662354161,com.mirror.newcastleeveningchronicle,https://apps.apple.com/gb/app/newcastle-chronicle/id662354161
News,87,Business Insider: News & more,"Insider, Inc.",2104,4.55,Free,554260576,com.businessinsider.iphone,https://apps.apple.com/gb/app/business-insider-news-more/id554260576
News,88,Nottingham Post,Trinity Mirror Digital Media Ltd,1456,4.42,Free,1322019846,com.mirror.NottinghamPost,https://apps.apple.com/gb/app/nottingham-post/id1322019846
News,89,Podcast Player App - Castbox,Guru Network Limited,13681,4.84,Free,1243410543,fm.castbox.audiobook.radio.podcast,https://apps.apple.com/gb/app/podcast-player-app-castbox/id1243410543
News,92,Feedly - Smart News Reader,Feedly Inc.,3308,4.58,Free,396069556,com.devhd.feedly,https://apps.apple.com/gb/app/feedly-smart-news-reader/id396069556
News,93,The Mirror,Trinity Mirror Digital Media Ltd,14477,4.52,Free,538338235,com.mirrornews.mirror,https://apps.apple.com/gb/app/the-mirror/id538338235
News,100,Belfast Live,Trinity Mirror Digital Media Ltd,3491,4.65,Free,1066821187,com.mirror.belfastlive,https://apps.apple.com/gb/app/belfast-live/id1066821187
Navigation,2,TomTom GO Expert: Truck GPS,TomTom,18581,4.42,Free,884963367,com.tomtom.itunes.navapp,https://apps.apple.com/gb/app/tomtom-go-expert-truck-gps/id884963367
Navigation,6,Geocaching®,Groundspeak Inc.,14324,4.83,Free,329541503,com.groundspeak.GeocachingIntro,https://apps.apple.com/gb/app/geocaching/id329541503
Navigation,7,Spoke Route Planner,Circuit Routing Limited,2682,4.68,Free,1198232244,com.underwoodapps.Circuit,https://apps.apple.com/gb/app/spoke-route-planner/id1198232244
Navigation,8,Delm8 Route Planner UK & Maps,Delmate LTD,1070,4.62,Free,1563254124,com.Delm8,https://apps.apple.com/gb/app/delm8-route-planner-uk-maps/id1563254124
Navigation,10,DelM8 UK Address Finder,Delmate LTD,1907,4.69,Free,1429831779,com.v1technologies.delm8,https://apps.apple.com/gb/app/delm8-uk-address-finder/id1429831779
Navigation,11,Radarbot: Speed Camera Alerts,Iteration Mobile S.L,12904,4.59,Free,1099797635,com.iteration-mobile.radarbot-free-ww,https://apps.apple.com/gb/app/radarbot-speed-camera-alerts/id1099797635
Navigation,13,CoPilot GPS Sat-Nav & Traffic,Trimble Maps Ltd.,1703,3.14,Free,504677517,com.alk.copilot9namapviewer,https://apps.apple.com/gb/app/copilot-gps-sat-nav-traffic/id504677517
Navigation,14,Savvy Navvy: Boat Navigation,SAVVY NAVVY LTD,2132,4.55,Free,1479182650,com.savvy.navvy.ios.app,https://apps.apple.com/gb/app/savvy-navvy-boat-navigation/id1479182650
Navigation,15,calimoto: Motorbike GPS Routes,calimoto GmbH,1746,4.66,Free,1209129603,com.calimoto.calimoto,https://apps.apple.com/gb/app/calimoto-motorbike-gps-routes/id1209129603
Navigation,17,Wikiloc - Trails of the World,Wikiloc Outdoor SL,3485,4.69,Free,432102730,com.wikiloc.wikiloc,https://apps.apple.com/gb/app/wikiloc-trails-of-the-world/id432102730
Navigation,18,MapXplorer: GPS Maps & Traffic,GOLDLAB APPLICATIONS YAZILIM VE BILISIM ANONIM SIRKETI,2226,4.47,Free,6463052823,com.offlinemaps.gps.map2023,https://apps.apple.com/gb/app/mapxplorer-gps-maps-traffic/id6463052823
Navigation,19,Sygic GPS Truck & Caravan,Sygic a. s.,5406,4.35,Free,992127700,com.sygic.truck,https://apps.apple.com/gb/app/sygic-gps-truck-caravan/id992127700
Navigation,20,Moovit: Public Transport Live,Moovit App Global LTD,15188,4.48,Free,498477945,com.tranzmate.tranzmate1,https://apps.apple.com/gb/app/moovit-public-transport-live/id498477945
Navigation,21,Beeline Bike Navigation,Relish Technologies Limited,3894,4.72,Free,1095384281,com.RelishTechnologies.Beeline,https://apps.apple.com/gb/app/beeline-bike-navigation/id1095384281
Navigation,22,Randonautica,"Randonauts, LLC",2241,3.67,Free,1493743521,com.randonautica.app,https://apps.apple.com/gb/app/randonautica/id1493743521
Navigation,23,A Better Routeplanner (ABRP),Rivian Automotive LLC,1029,4.49,Free,1490860521,com.iternio.abrpapp,https://apps.apple.com/gb/app/a-better-routeplanner-abrp/id1490860521
Navigation,28,SkyDemon,Divelements Limited,10103,4.92,Free,497184081,aero.skydemon.skydemonipad,https://apps.apple.com/gb/app/skydemon/id497184081
Navigation,29,Avenza Maps: Offline Mapping,Avenza Systems Inc.,1554,4.69,Free,388424049,com.avenza.avios,https://apps.apple.com/gb/app/avenza-maps-offline-mapping/id388424049
Navigation,31,HiiKER: The Hiking Maps App,Waymarked Trails LTD,1950,4.6,Free,1470810597,com.hiiker.hiiker,https://apps.apple.com/gb/app/hiiker-the-hiking-maps-app/id1470810597
Navigation,32,Bikemap: Cycling Tracker & GPS,Bikemap GmbH,5091,4.59,Free,625759466,com.toursprung.bikemap,https://apps.apple.com/gb/app/bikemap-cycling-tracker-gps/id625759466
Navigation,36,Route4Me Route Planner,Route4Me Inc,1834,4.56,Free,349853799,com.route4me.route4me,https://apps.apple.com/gb/app/route4me-route-planner/id349853799
Navigation,41,Game Maps IRL,Retry Apps Yazilim Limited Sirketi,4317,4.56,Free,6742728012,com.retryapps.game.maps.irl,https://apps.apple.com/gb/app/game-maps-irl/id6742728012
Navigation,42,OutDoors GB - Offline OS Maps,RoadTour LLC,4652,4.68,£1.99,336150457,uk.co.roadtour.NationalParks,https://apps.apple.com/gb/app/outdoors-gb-offline-os-maps/id336150457
Navigation,45,Ski Tracks,Fitness & Sports apps SRL,3600,4.74,Free,365724094,com.corecoders.SkiTracks,https://apps.apple.com/gb/app/ski-tracks/id365724094
Navigation,47,Speedometer Simple,WATT APPS LTD,4041,4.45,Free,939507215,mikrasya.Speedometer,https://apps.apple.com/gb/app/speedometer-simple/id939507215
Navigation,50,"AppyParking+ Plan, Park & Pay",Yellow Line Parking Ltd,2327,4.35,Free,1527265648,com.appyway.mobile.appyparking,https://apps.apple.com/gb/app/appyparking-plan-park-pay/id1527265648
Navigation,52,"Qibla Finder, Compass 100%",CNT INTERAKTIF BILGI TEKNOLOJILERI YAZILIM SANAYI VE TICARET ANONIM SIRKETI,11573,4.69,Free,1444860666,com.hundred.qibla.finder.ios,https://apps.apple.com/gb/app/qibla-finder-compass-100/id1444860666
Navigation,54,Go Jauntly: UK Walking Routes,Go Jauntly Ltd,2999,4.61,Free,1150399087,com.gojauntly,https://apps.apple.com/gb/app/go-jauntly-uk-walking-routes/id1150399087
Navigation,62,Transit - Live Transport Times,9280-0366 Quebec inc.,4994,4.53,Free,498151501,com.samvermette.Transit,https://apps.apple.com/gb/app/transit-live-transport-times/id498151501
Navigation,63,Find my Phone - Family Locator,GEO TRACK LABS LTD,3476,4.43,Free,588364107,com.sygic.family,https://apps.apple.com/gb/app/find-my-phone-family-locator/id588364107
Navigation,67,Scenic Motorcycle Navigation,Applified Life Ltd.,1884,4.7,Free,1089668246,com.pinguido.scenic,https://apps.apple.com/gb/app/scenic-motorcycle-navigation/id1089668246
Navigation,73,Navily,The Navigation Family,1675,4.77,Free,881103205,com.ckcnet.navily,https://apps.apple.com/gb/app/navily/id881103205
Navigation,95,Be Closer: Find family & kids,"SUPERSSTAR LABS, SOCIEDAD LIMITADA",2283,4.18,Free,1395979668,com.spoten,https://apps.apple.com/gb/app/be-closer-find-family-kids/id1395979668
Music,8,GuitarTuna: Tune & Play Guitar,Yousician Ltd,19046,4.73,Free,527588389,com.ovelin.guitartuna,https://apps.apple.com/gb/app/guitartuna-tune-play-guitar/id527588389
Music,11,djay - DJ App & AI Mixer,Algoriddim GmbH,15917,4.61,Free,450527929,com.algoriddim.djay-iphone-free,https://apps.apple.com/gb/app/djay-dj-app-ai-mixer/id450527929
Music,12,Songsterr Tabs & Chords,Guitar Tabs LLC,6529,4.67,Free,399211291,com.dmslabs,https://apps.apple.com/gb/app/songsterr-tabs-chords/id399211291
Music,14,Qobuz: Music & Editorial,qobuz,6742,4.61,Free,946429340,com.qobuz.music,https://apps.apple.com/gb/app/qobuz-music-editorial/id946429340
Music,15,MuseScore－Sheet Music & Chords,MuseScore Limited,10863,4.54,Free,835731296,com.musescore.player,https://apps.apple.com/gb/app/musescore-sheet-music-chords/id835731296
Music,17,Moises AI: The Musician's App,Moises Systems Inc,2636,4.63,Free,1515796612,ai.moises,https://apps.apple.com/gb/app/moises-ai-the-musicians-app/id1515796612
Music,19,Musicnotes: Sheet Music Reader,Musicnotes,5997,4.77,Free,924050984,com.musicnotes.xamarin.ios,https://apps.apple.com/gb/app/musicnotes-sheet-music-reader/id924050984
Music,20,Reverse Audio: Sing Fun,Var Meta Technology Joint Stock Company,4770,4.38,Free,6754755473,com.reverse.audio.singchallenge,https://apps.apple.com/gb/app/reverse-audio-sing-fun/id6754755473
Music,21,Strum - Play Guitar,W185 Holdings LLC,1644,4.55,Free,6749384181,com.w185holdings.guitar,https://apps.apple.com/gb/app/strum-play-guitar/id6749384181
Music,22,DistroKid,"DistroKid Holdings, LLC",2058,4.82,Free,1548832265,com.distrokid.DistroKid,https://apps.apple.com/gb/app/distrokid/id1548832265
Music,23,rekordbox - DJ App & DJ Mixer,AlphaTheta Corporation,1244,4.48,Free,1487048203,com.pioneerdj.rekordbox,https://apps.apple.com/gb/app/rekordbox-dj-app-dj-mixer/id1487048203
Music,26,Water Eject ‒ Speaker Cleaner,TINY BOOM LIMITED,2410,4.59,Free,6499516431,com.tinyboom.clearwave,https://apps.apple.com/gb/app/water-eject-speaker-cleaner/id6499516431
Music,27,stats.fm for Spotify Music App,StatsFM B.V.,11263,4.58,Free,1526912392,dev.netlob.spotistats,https://apps.apple.com/gb/app/stats-fm-for-spotify-music-app/id1526912392
Music,28,"KaraFun: Karaoke, Battle, Quiz",Recisio,3139,4.76,Free,431050674,com.recisio.kfiphone,https://apps.apple.com/gb/app/karafun-karaoke-battle-quiz/id431050674
Music,29,Clear wave | Water Eject,Appchi LLC,2818,4.46,Free,1557211189,com.soundmoji.app,https://apps.apple.com/gb/app/clear-wave-water-eject/id1557211189
Music,30,[untitled],"sin titulo, inc",1281,4.93,Free,6445854828,com.untitledinbrackets.untitled-ios,https://apps.apple.com/gb/app/untitled/id6445854828
Music,31,Anghami: Play Music & Podcasts,Anghami,13286,4.76,Free,545395155,com.anghami.anghami,https://apps.apple.com/gb/app/anghami-play-music-podcasts/id545395155
Music,32,Donna AI Song & Music Maker,MOBIVERSITE YAZILIM BILISIM REKLAM VE DANISMANLIK HIZMETLERI SANAYI TICARET LIMITED STI,12618,4.74,Free,6482289804,com.ai.sound.donna,https://apps.apple.com/gb/app/donna-ai-song-music-maker/id6482289804
Music,35,Speaker & Headphones Connect,MAPLE LABS COMPANY LIMITED,1998,4.63,Free,1612024321,com.maplelabs.airmusic,https://apps.apple.com/gb/app/speaker-headphones-connect/id1612024321
Music,37,NTS RADIO,NTS LIVE LTD,1780,4.86,Free,1204567739,com.ntslive.ntsradio,https://apps.apple.com/gb/app/nts-radio/id1204567739
Music,38,AI Music Video Generator・Shoom,Tech Alpha DMCC,1313,4.0,Free,6499126830,com.aiby.AiMusicGenerator,https://apps.apple.com/gb/app/ai-music-video-generator-shoom/id6499126830
Music,39,Tomplay Sheet Music,Tombooks Sàrl,3644,4.7,Free,1054809074,com.tombooks.tomplayipad,https://apps.apple.com/gb/app/tomplay-sheet-music/id1054809074
Music,44,MyTunes : AI Music Generator,HUBX YAZILIM HIZMETLERI ANONIM SIRKETI,2825,4.0,Free,6447001239,com.ai.music.generator.app,https://apps.apple.com/gb/app/mytunes-ai-music-generator/id6447001239
Music,47,"Rayo - Radio, Music, Podcasts",Bauer Radio LTD,19078,4.74,Free,6446593349,com.bauermedia.rayo,https://apps.apple.com/gb/app/rayo-radio-music-podcasts/id6446593349
Music,48,"Chordify: Chords, Songs, Tuner",Chordify BV,4127,4.67,Free,1073624757,net.chordify.Chordify,https://apps.apple.com/gb/app/chordify-chords-songs-tuner/id1073624757
Music,49,AI Song Maker - Soniva Music,Gotech Dijital Hizmetler Anonim Sirketi,4566,4.71,Free,6502906463,ai.mindveil.musicai,https://apps.apple.com/gb/app/ai-song-maker-soniva-music/id6502906463
Music,50,AI Music: Cover & Song Maker,Comapps LLC,1984,3.82,Free,6529535168,dev.prodfire.ai.music,https://apps.apple.com/gb/app/ai-music-cover-song-maker/id6529535168
Music,51,Tuner Pro: Guitar Tuner & Tab,MWM,2908,4.28,Free,1438248122,com.mwm.guitartuner,https://apps.apple.com/gb/app/tuner-pro-guitar-tuner-tab/id1438248122
Music,52,IDAGIO - Classical Music App,IDAGIO GmbH,3004,4.69,Free,1014917700,com.myclassicworld.idagio.storeapp,https://apps.apple.com/gb/app/idagio-classical-music-app/id1014917700
Music,53,Garage Ringtones for iPhone,Appflow Software - FZCO,3698,4.53,Free,6444570129,com.garage.ringtones,https://apps.apple.com/gb/app/garage-ringtones-for-iphone/id6444570129
Music,56,Jamzone - Sing & Play Along,Recisio,1659,4.78,Free,998972770,com.recisio.jamzone.ios,https://apps.apple.com/gb/app/jamzone-sing-play-along/id998972770
Music,58,AI Song Generator - Mozart,NINEG UYGULAMA GELISTIRME VE PAZARLAMA ANONIM SIRKETI,3246,4.22,Free,6502656704,com.MetinY.mozartai,https://apps.apple.com/gb/app/ai-song-generator-mozart/id6502656704
Music,60,Voloco: Vocal Recording Studio,"Resonant Cavity, Inc",7075,4.66,Free,1052970183,com.resonantcavity.Voloco,https://apps.apple.com/gb/app/voloco-vocal-recording-studio/id1052970183
Music,67,ClipTone: Ringtone & AI Cover,"BUD TECHNOLOGIES, PTE. LTD.",5353,4.61,Free,6737531446,com.pointone.cliptone,https://apps.apple.com/gb/app/cliptone-ringtone-ai-cover/id6737531446
Music,77,Stemz: vocal remover pro ai,MWM,1063,4.29,Free,1596495598,com.mwm.stems,https://apps.apple.com/gb/app/stemz-vocal-remover-pro-ai/id1596495598
Music,78,iReal Pro,Technimo LLC,1634,4.85,£19.99,298206806,com.massimobiolcati.iRealBook,https://apps.apple.com/gb/app/ireal-pro/id298206806
Music,79,AI Song Music Generator: Muzio,Scale Dreams LLC,2075,4.73,Free,6502530415,com.ScaleDreams.SongAIGenerator,https://apps.apple.com/gb/app/ai-song-music-generator-muzio/id6502530415
Music,90,Anker soundcore,Power Mobile Life LLC,4363,4.63,Free,1331876603,com.oceanwing.SoundCore,https://apps.apple.com/gb/app/anker-soundcore/id1331876603
Music,95,StarMaker Lite-Sing Karaoke,SKYWORK AI PTE LTD,1043,4.47,Free,545861112,com.starmakerapp.thevoice,https://apps.apple.com/gb/app/starmaker-lite-sing-karaoke/id545861112
Music,96,Acapella from PicPlayPost,Mixcord Inc.,3358,4.47,Free,924635678,co.mixcord.acapella,https://apps.apple.com/gb/app/acapella-from-picplaypost/id924635678
Music,98,Guitar Tuner Easy tune chords,ManoMaya,5570,4.52,Free,838981369,com.coachguitar.coachtuner,https://apps.apple.com/gb/app/guitar-tuner-easy-tune-chords/id838981369
Music,100,Sing Sharp - Singing Lessons,Sing Sharp Limited,2833,4.25,Free,772052329,com.KaraokeMusicAppLab.Sing-Sharp,https://apps.apple.com/gb/app/sing-sharp-singing-lessons/id772052329
Lifestyle,4,Raya,Raya App Inc,3507,3.9,Free,957215308,com.raya.raya,https://apps.apple.com/gb/app/raya/id957215308
Lifestyle,6,TP-Link Tapo,TP-Link Systems Inc.,14068,4.7,Free,1472718009,com.tplink.tapo,https://apps.apple.com/gb/app/tp-link-tapo/id1472718009
Lifestyle,8,PURE: Open-Minded Dating App,Online Classifieds AG,17697,4.11,Free,690661663,org.getpure.pure-iphone,https://apps.apple.com/gb/app/pure-open-minded-dating-app/id690661663
Lifestyle,13,Findmykids: Family Tracker,LETEM LTD,10738,4.65,Free,994098803,com.wheremychildren.ios,https://apps.apple.com/gb/app/findmykids-family-tracker/id994098803
Lifestyle,16,Imou Life,Huacheng Network(hk) Technology Limited,1588,4.06,Free,1071165451,com.dahuaoversea.easy4ip,https://apps.apple.com/gb/app/imou-life/id1071165451
Lifestyle,19,Meete - Meet New Friends,Quantum Communications Development Limited,3844,4.25,Free,1510917465,com.meete.chat,https://apps.apple.com/gb/app/meete-meet-new-friends/id1510917465
Lifestyle,20,Anker eufy,Power Mobile Life LLC,17874,4.5,Free,1424956516,com.security.BatteryCam,https://apps.apple.com/gb/app/anker-eufy/id1424956516
Lifestyle,21,eharmony: dating & real love,eHarmony.com,5501,3.81,Free,458272450,com.eharmony.singles.SinglesRelease,https://apps.apple.com/gb/app/eharmony-dating-real-love/id458272450
Lifestyle,22,RHS Grow - Plant & Garden Care,The Royal Horticultural Society,6677,4.71,Free,1672078225,uk.org.rhs.mygarden,https://apps.apple.com/gb/app/rhs-grow-plant-garden-care/id1672078225
Lifestyle,23,Childcare.co.uk,Childcare Limited,6739,4.66,Free,486849572,uk.co.childcare.ios,https://apps.apple.com/gb/app/childcare-co-uk/id486849572
Lifestyle,24,The League: Intelligent Dating,"The League App, Inc",3479,4.1,Free,893653132,karisma.dstaten.LeagueMVP,https://apps.apple.com/gb/app/the-league-intelligent-dating/id893653132
Lifestyle,25,Dil Mil: South Asian Dating,"Dil Mil, Inc.",4986,3.77,Free,879383901,co.DilMile.DilMile,https://apps.apple.com/gb/app/dil-mil-south-asian-dating/id879383901
Lifestyle,26,OurTime : Mature Dating App,Match.com International Limited,9211,3.93,Free,1447263334,com.ourtime.dating.iphone,https://apps.apple.com/gb/app/ourtime-mature-dating-app/id1447263334
Lifestyle,27,Bumble For Friends: Meet IRL,Bumble Holding Limited,2063,4.35,Free,6444040977,com.moxco.maya,https://apps.apple.com/gb/app/bumble-for-friends-meet-irl/id6444040977
Lifestyle,28,Owlet Dream,"Owlet Baby Care, Inc.",1352,4.58,Free,1590590105,com.owletcare.Sleep,https://apps.apple.com/gb/app/owlet-dream/id1590590105
Lifestyle,29,YarnPal - Crochet & Knitting,PIXELCELL PTE. LIMITED,4886,4.57,Free,6738537088,com.knitpal.knitcrochet,https://apps.apple.com/gb/app/yarnpal-crochet-knitting/id6738537088
Lifestyle,30,HER: Lesbian LGBTQ Dating,Bloomer Inc,6698,4.29,Free,573328837,com.dattch.dattch,https://apps.apple.com/gb/app/her-lesbian-lgbtq-dating/id573328837
Lifestyle,31,Once - Chat & Connect Online,Xeanco Limited,3994,3.68,Free,1489440748,com.udates.ios,https://apps.apple.com/gb/app/once-chat-connect-online/id1489440748
Lifestyle,32,DOWN: The Casual Dating App,"Down App, Inc.",8166,4.23,Free,601174087,com.bwf.BWF,https://apps.apple.com/gb/app/down-the-casual-dating-app/id601174087
Lifestyle,34,"Peanut: Pregnancy, Baby & Mum",Peanut App Limited,3958,4.45,Free,1178656034,com.teampeanut.Peanut,https://apps.apple.com/gb/app/peanut-pregnancy-baby-mum/id1178656034
Lifestyle,35,BackThen - Baby Book & Albums,BACK THEN DIGITAL LIMITED,19258,4.8,Free,1505173822,com.backthen.ios,https://apps.apple.com/gb/app/backthen-baby-book-albums/id1505173822
Lifestyle,36,Nanit,UdiSense Inc.,1061,4.53,Free,1137885597,com.udisense.nanit,https://apps.apple.com/gb/app/nanit/id1137885597
Lifestyle,38,Astra - Life Advice,Vert Ventures LLC,2200,4.65,Free,6473748536,com.vertventures.stella,https://apps.apple.com/gb/app/astra-life-advice/id6473748536
Lifestyle,41,eero Wi-Fi system,eero LLC,13866,4.75,Free,1023499075,com.eero.eero-ios,https://apps.apple.com/gb/app/eero-wi-fi-system/id1023499075
Lifestyle,42,Heart Rate Monitor - Pulse,NarrativeLab OU,1336,4.27,Free,1575719736,com.appstoreapps.bloodpressure,https://apps.apple.com/gb/app/heart-rate-monitor-pulse/id1575719736
Lifestyle,45,Qustodio Parental Control App,Qustodio Technologies SL,1940,4.08,Free,1501720596,com.qustodio.par.qustodio-family-parental-control-app,https://apps.apple.com/gb/app/qustodio-parental-control-app/id1501720596
Lifestyle,46,Location Tracker－Find my phone,Webpeak OU,4230,4.19,Free,1669041518,phone.location.tracker,https://apps.apple.com/gb/app/location-tracker-find-my-phone/id1669041518
Lifestyle,47,CloudEdge,"Hangzhou MEARI Technology Co.,Ltd.",3762,4.22,Free,1294635090,com.meari.smartcamera,https://apps.apple.com/gb/app/cloudedge/id1294635090
Lifestyle,49,Plant Parent: Plant Care Guide,Glority Global Group Ltd.,9795,4.67,Free,1612792132,com.plant.parent,https://apps.apple.com/gb/app/plant-parent-plant-care-guide/id1612792132
Lifestyle,54,Turn-Up,Dately,1483,3.95,Free,1353082383,org.reactjs.native.example.dately,https://apps.apple.com/gb/app/turn-up/id1353082383
Lifestyle,55,Woofz - Puppy and Dog Training,nove8 LTD,4223,4.3,Free,1532020050,dog.training.woofz,https://apps.apple.com/gb/app/woofz-puppy-and-dog-training/id1532020050
Lifestyle,56,OkCupid: Online Dating App,"Match Group Americas, LLC",16864,4.2,Free,338701294,com.okcupid.app,https://apps.apple.com/gb/app/okcupid-online-dating-app/id338701294
Lifestyle,57,Precious - Baby Photo Art,Curious Creators Co.,17876,4.69,Free,1103530261,com.laubrothersllc.BabyArt,https://apps.apple.com/gb/app/precious-baby-photo-art/id1103530261
Lifestyle,59,Planta: Plant & Garden Care,Planta AB,13891,4.72,Free,1410126781,com.stromming.Plants,https://apps.apple.com/gb/app/planta-plant-garden-care/id1410126781
Lifestyle,62,Arike - Where Malayalis Date,Aisle Network Private Limited,2039,4.4,Free,1553017906,app.aisle.co.arike,https://apps.apple.com/gb/app/arike-where-malayalis-date/id1553017906
Lifestyle,63,CHANI: Your Astrology Guide,Chani Nicholas Incorporated,2228,4.9,Free,1532791252,com.chaninicholas.chaniapp,https://apps.apple.com/gb/app/chani-your-astrology-guide/id1532791252
Lifestyle,64,Planner 5D: AI Home Design,"Planner5D, UAB",5071,4.15,Free,606173978,com.planner5d.Planner-5D,https://apps.apple.com/gb/app/planner-5d-ai-home-design/id606173978
Lifestyle,65,Co–Star Personalized Astrology,Co-Star Astrology Society,9743,4.73,Free,1264782561,com.costarastrology.costar-mobile,https://apps.apple.com/gb/app/co-star-personalized-astrology/id1264782561
Lifestyle,67,Paperless Post: Invitations,Paperless Inc.,9701,4.67,Free,489940389,com.paperless.paperlesspost,https://apps.apple.com/gb/app/paperless-post-invitations/id489940389
Lifestyle,69,Paired: Couples & Relationship,Better Half Limited,11421,4.63,Free,1469609343,io.betterhalf.app,https://apps.apple.com/gb/app/paired-couples-relationship/id1469609343
Lifestyle,70,Parental Control App - Kidslox,Kidslox Trading Limited,6516,4.14,Free,914825567,com.kidslox.main,https://apps.apple.com/gb/app/parental-control-app-kidslox/id914825567
Lifestyle,73,Perfect365: Face Makeup Editor,"Perfect365, Inc.",15464,4.78,Free,475976577,com.arcsoft.Perfect365,https://apps.apple.com/gb/app/perfect365-face-makeup-editor/id475976577
Lifestyle,75,Home Planner AI：Room Design 3D,Room Planner Ltd,10618,4.49,Free,1076159017,com.icandesignapp.all,https://apps.apple.com/gb/app/home-planner-ai-room-design-3d/id1076159017
Lifestyle,76,BlackVue,"Pittasoft Co., Ltd.",1255,3.69,Free,1049209637,com.pittasoft.BlackVueC,https://apps.apple.com/gb/app/blackvue/id1049209637
Lifestyle,77,Sincerely: Vent & Share Secret,MWM,1787,4.4,Free,6443709181,com.sincerelyapp.sincerely,https://apps.apple.com/gb/app/sincerely-vent-share-secret/id6443709181
Lifestyle,79,NGL: ask me anything,NGL Labs LLC,18354,4.67,Free,1596550932,fun.ask,https://apps.apple.com/gb/app/ngl-ask-me-anything/id1596550932
Lifestyle,80,Xiaomi Home,"Beijing Xiaomi Co., Ltd",1466,3.5,Free,957323480,com.xiaomi.mihome,https://apps.apple.com/gb/app/xiaomi-home/id957323480
Lifestyle,82,dua.com: Date & Meet Albanians,dua AG,1136,4.45,Free,1482271331,com.duaAG.Dua,https://apps.apple.com/gb/app/dua-com-date-meet-albanians/id1482271331
Lifestyle,83,Fire Stick Remote,Bhim Singh,3708,4.6,Free,1492703474,com.nilu.firetvremote,https://apps.apple.com/gb/app/fire-stick-remote/id1492703474
Lifestyle,85,Couple Joy - Relationship App,HEARTBIT S.R.L.,4452,4.86,Free,1624758651,com.angcosmin.couple,https://apps.apple.com/gb/app/couple-joy-relationship-app/id1624758651
Lifestyle,86,HUD™ Dating App: Open Dating,HUD STUDIO LIMITED,9734,3.92,Free,1042814349,com.hookupdating,https://apps.apple.com/gb/app/hud-dating-app-open-dating/id1042814349
Lifestyle,88,Bird Song Identifier-BirdScope,Scala technology limited,2275,4.69,Free,6743123395,com.birds.song.identifier.ai,https://apps.apple.com/gb/app/bird-song-identifier-birdscope/id6743123395
Lifestyle,93,ATLAS:EARTH: Collect Places,"Atlas Reality, Inc.",4964,4.53,Free,1567636697,CI.AtlasEarth.Client,https://apps.apple.com/gb/app/atlas-earth-collect-places/id1567636697
Lifestyle,94,EVA AI Soulmate,Novi Limited,2223,4.26,Free,1551794721,com.ifriend.ios,https://apps.apple.com/gb/app/eva-ai-soulmate/id1551794721
Health & Fitness,8,LADDER Strength Training Plans,"Ladder Technologies, Inc.",15420,4.92,Free,1502936453,com.ladder.bootcamp,https://apps.apple.com/gb/app/ladder-strength-training-plans/id1502936453
Health & Fitness,10,Zwift: Indoor Cycling Fitness,"Zwift, Inc",16512,4.75,Free,1134655040,com.zwift.ZwiftGame,https://apps.apple.com/gb/app/zwift-indoor-cycling-fitness/id1134655040
Health & Fitness,13,MacroFactor - Macro Tracker,Stronger By Science Technologies LLC,1955,4.75,Free,1553503471,com.sbs.diet,https://apps.apple.com/gb/app/macrofactor-macro-tracker/id1553503471
Health & Fitness,14,Hume Health,FitTrack Inc,9156,3.95,Free,1477782599,com.elink.fittrackhealth,https://apps.apple.com/gb/app/hume-health/id1477782599
Health & Fitness,22,Fitbod Workout & Gym Planner,Fitbod Inc.,16266,4.75,Free,1041517543,com.fitbod,https://apps.apple.com/gb/app/fitbod-workout-gym-planner/id1041517543
Health & Fitness,24,Calo: AI Food Calorie Counter,Next Vision Limited,5053,4.63,Free,6447434453,com.foodscanner.ai,https://apps.apple.com/gb/app/calo-ai-food-calorie-counter/id6447434453
Health & Fitness,25,Sweat: Fitness App For Women,The Bikini Body Training Company Pty Ltd,5698,4.45,Free,1049234587,com.PixelForceSystems.SweatWithKayla,https://apps.apple.com/gb/app/sweat-fitness-app-for-women/id1049234587
Health & Fitness,27,Carbs & Cals: Diet & Diabetes,Chello Publishing Limited,2521,4.11,Free,388459613,com.chellopublishing.CarbsAndCals,https://apps.apple.com/gb/app/carbs-cals-diet-diabetes/id388459613
Health & Fitness,28,Bevel: AI Health Coach,Starlight Tech LLC,4937,4.79,Free,6456176249,com.supersethealth.superset,https://apps.apple.com/gb/app/bevel-ai-health-coach/id6456176249
Health & Fitness,29,Foodvisor - AI Calorie Counter,Foodvisor,3514,4.56,Free,1064020872,com.foodvisor.Foodvisor,https://apps.apple.com/gb/app/foodvisor-ai-calorie-counter/id1064020872
Health & Fitness,33,"Lively - Period Tracker, Cycle","Lively Cycle, LLC",2270,4.7,Free,6447674634,lively.cycle.syncing.period.tracker,https://apps.apple.com/gb/app/lively-period-tracker-cycle/id6447674634
Health & Fitness,34,SHREDDY,ROSE APPELLATIONS LIMITED,12471,4.63,Free,1480771638,com.bnd.shreddy,https://apps.apple.com/gb/app/shreddy/id1480771638
Health & Fitness,38,Waking Up: Meditation & Wisdom,"Waking Up Course, LLC",7207,4.91,Free,1307736395,com.wakingup.wakingup,https://apps.apple.com/gb/app/waking-up-meditation-wisdom/id1307736395
Health & Fitness,40,Courtney Black Fitness,Courtney Black PT Ltd,4595,4.76,Free,1502888390,com.courtneyblack.courtneyblackfitness,https://apps.apple.com/gb/app/courtney-black-fitness/id1502888390
Health & Fitness,41,Calorie Counter by Numify,Municorn Limited,5878,4.67,Free,6474290049,com.municorn.CalorieCounter,https://apps.apple.com/gb/app/calorie-counter-by-numify/id6474290049
Health & Fitness,42,EvolveYou: Strength For Women,EvolveYou App Ltd,10202,4.79,Free,1446735127,org.celasSimplicity.toneAndSculpt,https://apps.apple.com/gb/app/evolveyou-strength-for-women/id1446735127
Health & Fitness,43,Liftoff - Ranked Gym Workouts,Liftoff Labs Inc.,14917,4.8,Free,6448081563,com.gymbros.app,https://apps.apple.com/gb/app/liftoff-ranked-gym-workouts/id6448081563
Health & Fitness,44,Stardust Period Tracker,Stardust App LLC,13269,4.76,Free,1495829322,com.stardust.stardustapp,https://apps.apple.com/gb/app/stardust-period-tracker/id1495829322
Health & Fitness,45,Sleep Cycle - Tracker & Sounds,Sleep Cycle AB,7618,4.67,Free,320606217,com.lexwarelabs.goodmorning,https://apps.apple.com/gb/app/sleep-cycle-tracker-sounds/id320606217
Health & Fitness,47,MARCHON TRAINING,MARCHON TRAINING LTD,1240,4.87,Free,6443470301,uk.co.marchon.training,https://apps.apple.com/gb/app/marchon-training/id6443470301
Health & Fitness,48,Reframe: Drink Less & Thrive,Glucobit Inc.,4831,4.62,Free,1485756576,com.glucobit.cravingBuster.CravingBuster,https://apps.apple.com/gb/app/reframe-drink-less-thrive/id1485756576
Health & Fitness,49,Cronometer: Calorie Counter,Cronometer Software Inc,6919,4.73,Free,1145935738,CRONOMETER-GOLD,https://apps.apple.com/gb/app/cronometer-calorie-counter/id1145935738
Health & Fitness,51,iFIT Workouts,"ICON Health & Fitness, Inc.",3834,4.51,Free,1274601042,com.ifit.wolf,https://apps.apple.com/gb/app/ifit-workouts/id1274601042
Health & Fitness,52,Natural Cycles: Fertility App,NaturalCycles Nordic AB,15145,4.78,Free,765535549,com.naturalcycles.cordova,https://apps.apple.com/gb/app/natural-cycles-fertility-app/id765535549
Health & Fitness,53,StressWatch: AI Stress Monitor,One Hundred Bad Ideas Limited,3100,4.54,Free,6444737095,com.ideation.Stress,https://apps.apple.com/gb/app/stresswatch-ai-stress-monitor/id6444737095
Health & Fitness,54,WEGLOW: Home Workout for Women,WEGLOW APP LTD,1872,4.73,Free,1537610947,app.weglow.v1,https://apps.apple.com/gb/app/weglow-home-workout-for-women/id1537610947
Health & Fitness,55,GOWOD – Mobility & Stretching,Mobility First Group,1346,4.83,Free,1227834875,eu.gowod,https://apps.apple.com/gb/app/gowod-mobility-stretching/id1227834875
Health & Fitness,58,Ovulation Tracker By Premom,Easy Healthcare Corporation,6266,4.74,Free,1279295922,com.premom.easyathome,https://apps.apple.com/gb/app/ovulation-tracker-by-premom/id1279295922
Health & Fitness,60,eBike Flow,Robert Bosch GmbH,3864,4.67,Free,1559900907,com.bosch.ebike.flow,https://apps.apple.com/gb/app/ebike-flow/id1559900907
Health & Fitness,63,Coopah: The Run Coaching App,COOPAH LIMITED,1158,4.79,Free,1587165314,com.coopah.app,https://apps.apple.com/gb/app/coopah-the-run-coaching-app/id1587165314
Health & Fitness,69,TrainingPeaks: Plan Train Lift,"Peaksware, LLC",3770,4.68,Free,408047715,com.peaksware.trainingpeaks,https://apps.apple.com/gb/app/trainingpeaks-plan-train-lift/id408047715
Health & Fitness,70,The Way: Meditation & Zen,The Way App Inc.,1577,4.91,Free,6459996442,com.thewayapp.mobile,https://apps.apple.com/gb/app/the-way-meditation-zen/id6459996442
Health & Fitness,71,Napper: Baby Sleep Tracker,Napper AB,2212,4.89,Free,1491340863,com.napper,https://apps.apple.com/gb/app/napper-baby-sleep-tracker/id1491340863
Health & Fitness,72,Heartica: Heart Rate Monitor,Faliane Ltd.,1289,4.51,Free,6742904990,com.heart.rate.heartica,https://apps.apple.com/gb/app/heartica-heart-rate-monitor/id6742904990
Health & Fitness,73,InPulse - Heart Rate Monitor,AIBY Incorporated,13775,4.51,Free,1489944782,hrm.fitme,https://apps.apple.com/gb/app/inpulse-heart-rate-monitor/id1489944782
Health & Fitness,74,Sleep Tracker – Rise,Rise Science Inc,7378,4.47,Free,1453884781,com.risesci.nyx,https://apps.apple.com/gb/app/sleep-tracker-rise/id1453884781
Health & Fitness,75,BitePal: AI Calorie Tracker,REFACE LITHUANIA UAB,8105,4.45,Free,6479529917,com.pookies.food.ai,https://apps.apple.com/gb/app/bitepal-ai-calorie-tracker/id6479529917
Health & Fitness,76,Lyfta: Gym Tracker Workout Log,Lindberg Development AS,1275,4.8,Free,6443740936,com.lyftaios,https://apps.apple.com/gb/app/lyfta-gym-tracker-workout-log/id6443740936
Health & Fitness,77,Morsia,MORSIA FITNESS LIMITED,3676,4.7,Free,1535495618,com.mattdoesfitness.morsia,https://apps.apple.com/gb/app/morsia/id1535495618
Health & Fitness,78,Lumenate: Explore & Relax,Lumenate Growth Ltd,3346,4.7,Free,1538397461,com.LumenateGrowth.LumenateApp,https://apps.apple.com/gb/app/lumenate-explore-relax/id1538397461
Health & Fitness,83,Welltory: Heart Health Monitor,Welltory inc,18484,4.66,Free,1074367771,com.welltory.client,https://apps.apple.com/gb/app/welltory-heart-health-monitor/id1074367771
Health & Fitness,84,GLP1 Tracker - Shotsy,Shotsy Co.,4193,4.83,Free,6499510249,com.everyday.ShotTracker,https://apps.apple.com/gb/app/glp1-tracker-shotsy/id6499510249
Health & Fitness,86,AI Calorie Counter by Yazio,YAZIO GmbH,12286,4.68,Free,946099227,com.yazio.ios.YAZIO,https://apps.apple.com/gb/app/ai-calorie-counter-by-yazio/id946099227
Health & Fitness,87,Tolan: Your Friendly Guide,"AQP, Inc.",6575,4.7,Free,6477549878,ai.portola.portola,https://apps.apple.com/gb/app/tolan-your-friendly-guide/id6477549878
Health & Fitness,88,Centr: Personal Fitness App,CH Digital Pty Ltd,5307,4.68,Free,1382530817,com.weareloup.hco,https://apps.apple.com/gb/app/centr-personal-fitness-app/id1382530817
Health & Fitness,89,Nerva: Gut-Brain Program,Mindset Health Pty Ltd,4162,4.53,Free,1467398796,com.mindsethealth.ibs,https://apps.apple.com/gb/app/nerva-gut-brain-program/id1467398796
Health & Fitness,90,WeWard - The Walking App,WEWARD,18622,4.84,Free,1454213029,com.weward,https://apps.apple.com/gb/app/weward-the-walking-app/id1454213029
Health & Fitness,91,Athlytic: Fitness & Recovery,"MyndArc, LLC",2812,4.74,Free,1543571755,myndarc.newFitnessApp,https://apps.apple.com/gb/app/athlytic-fitness-recovery/id1543571755
Health & Fitness,92,Stronger - Gym Workout Planner,Atlas Smart Technologies LTD,6124,4.73,Free,1621719397,com.strongermobileapp.stronger,https://apps.apple.com/gb/app/stronger-gym-workout-planner/id1621719397
Health & Fitness,94,"Endel: Focus, Sleep, Relax",Endel Sound GmbH,3571,4.58,Free,1346247457,com.endel.endel,https://apps.apple.com/gb/app/endel-focus-sleep-relax/id1346247457
Health & Fitness,95,Ride with GPS: Bike Navigation,Ride with GPS LLC,4633,4.65,Free,893687399,com.ridewithgps.mobile.ios,https://apps.apple.com/gb/app/ride-with-gps-bike-navigation/id893687399
Finance,2,Splitwise,"Splitwise, Inc.",7300,4.16,Free,458023433,com.Splitwise.SplitwiseMobile,https://apps.apple.com/gb/app/splitwise/id458023433
Finance,3,Mileage Tracker by MileIQ,MileIQ Inc.,3899,4.67,Free,578830929,com.mobiledatalabs.goiq,https://apps.apple.com/gb/app/mileage-tracker-by-mileiq/id578830929
Finance,4,Budget Planner l Snoop Money,USNOOP LIMITED,7286,4.63,Free,1495077102,app.snoop,https://apps.apple.com/gb/app/budget-planner-l-snoop-money/id1495077102
Finance,5,Invoice Maker Simple App 2 go,Invoice Generator s.r.o.,7526,4.87,Free,1568511681,com.billdu.freemaker,https://apps.apple.com/gb/app/invoice-maker-simple-app-2-go/id1568511681
Finance,7,YNAB,You Need A Budget LLC,2990,4.74,Free,1010865877,com.youneedabudget.evergreen.YNAB-Evergreen,https://apps.apple.com/gb/app/ynab/id1010865877
Finance,9,Kraken: Buy Bitcoin & Crypto,"Payward, Inc.",5928,4.66,Free,1481947260,com.kraken.invest.app,https://apps.apple.com/gb/app/kraken-buy-bitcoin-crypto/id1481947260
Finance,10,Freebie Invoice Maker,Invoice Maker Pro s.r.o.,4549,4.85,Free,1590349103,com.billdu.invoiceproformamaker,https://apps.apple.com/gb/app/freebie-invoice-maker/id1590349103
Finance,12,Investing.com: Stocks & Shares,Fusion Media Limited,7245,4.72,Free,909998122,com.investing.app,https://apps.apple.com/gb/app/investing-com-stocks-shares/id909998122
Finance,13,Mileage Tracker by Driversnote,Driversnote ApS,7522,4.76,Free,924418916,com.driversnote.driversnote,https://apps.apple.com/gb/app/mileage-tracker-by-driversnote/id924418916
Finance,15,Seeking Alpha: News & Analysis,Seeking Alpha Ltd.,3756,4.73,Free,552799694,com.seekingalpha.SeekingAlpha,https://apps.apple.com/gb/app/seeking-alpha-news-analysis/id552799694
Finance,19,FreeMaker - Invoice Generator,Simple Apps s.r.o.,2379,4.87,Free,1593605951,com.baranec.maker,https://apps.apple.com/gb/app/freemaker-invoice-generator/id1593605951
Finance,20,wac – shift & earnings tracker,Work and Communications Ltd,5772,4.79,Free,1483618032,com.WAC,https://apps.apple.com/gb/app/wac-shift-earnings-tracker/id1483618032
Finance,21,TipRanks Stock Market Research,TipRanks Ltd,1102,4.73,Free,1237516490,com.tipranks.app,https://apps.apple.com/gb/app/tipranks-stock-market-research/id1237516490
Finance,23,Finimize: Investing Insights,Finimize Ltd.,7711,4.81,Free,1335577505,com.finimize.oban,https://apps.apple.com/gb/app/finimize-investing-insights/id1335577505
Finance,27,"Smart Receipts: Tax, Expenses",REACTIVE APPS CORP.,1263,4.71,Free,905698613,co.smartreceipts.ios,https://apps.apple.com/gb/app/smart-receipts-tax-expenses/id905698613
Finance,32,Trade AI: Chart AI Analysis,Leadimize Inc,1282,4.48,Free,6741457696,com.chartly.leadimize,https://apps.apple.com/gb/app/trade-ai-chart-ai-analysis/id6741457696
Finance,35,Spending Tracker - Budget App,Inner Grow Limited,1583,4.67,Free,1525179720,com.lightByte.Budget,https://apps.apple.com/gb/app/spending-tracker-budget-app/id1525179720
Finance,40,MoneyWiz 2026 Personal Finance,SILVERWIZ LLC,1239,4.57,Free,1511185140,com.moneywiz.personalfinance,https://apps.apple.com/gb/app/moneywiz-2026-personal-finance/id1511185140
Finance,43,Currency Converter Plus FX,KASPRE INVEST OU,13069,4.73,Free,504557931,com.taptapsoft.currencyconverterplus,https://apps.apple.com/gb/app/currency-converter-plus-fx/id504557931
Finance,44,Budget Planner App - Fleur,Akash Jain,1068,4.79,Free,1621020173,com.fleurbudget,https://apps.apple.com/gb/app/budget-planner-app-fleur/id1621020173
Finance,46,Money Tracker: Spendee,CLEEVIO s.r.o.,1736,4.53,Free,635861140,com.cleevio.spendee,https://apps.apple.com/gb/app/money-tracker-spendee/id635861140
Finance,48,MarketWatch - News & Data,"Dow Jones & Company, Inc., publisher of The Wall Street Journal.",9414,4.63,Free,336693422,com.dowjones.mktw,https://apps.apple.com/gb/app/marketwatch-news-data/id336693422
Finance,51,Investors Chronicle,Financial Times Ltd.,3676,4.53,Free,621477235,com.yudu.IC,https://apps.apple.com/gb/app/investors-chronicle/id621477235
Finance,53,Coconut: Tax for self-employed,@Coconut Platform Ltd,3003,4.72,Free,1318768066,com.getcoconut.Coconut,https://apps.apple.com/gb/app/coconut-tax-for-self-employed/id1318768066
Finance,57,Delta by etoro,Opus Labs CVBA,3247,4.68,Free,1288676542,io.getdelta.ios,https://apps.apple.com/gb/app/delta-by-etoro/id1288676542
Finance,70,"Uphold: Buy Bitcoin, KAS & XRP",Uphold HQ Inc.,4247,4.64,Free,1101145849,com.uphold.wallet.ios,https://apps.apple.com/gb/app/uphold-buy-bitcoin-kas-xrp/id1101145849
Finance,71,Trading Game - Stock Simulator,Agents 007,1635,4.76,Free,1202332044,com.financeillustrated.TradingGame,https://apps.apple.com/gb/app/trading-game-stock-simulator/id1202332044
Finance,81,CoinGecko: Crypto Tracker,Gecko Labs Pte. Ltd.,5248,4.8,Free,1390323960,com.coingecko.coingeckoapp,https://apps.apple.com/gb/app/coingecko-crypto-tracker/id1390323960
Finance,92,Spending Tracker,MH Riley Ltd,5259,4.75,Free,548615579,com.mhriley.SpendingTracker,https://apps.apple.com/gb/app/spending-tracker/id548615579
Finance,95,Bitcoin Mining · Cloud Mining,Lucky Monkey Tech Limited,1087,4.09,Free,6503180820,bitcoin.minning.com,https://apps.apple.com/gb/app/bitcoin-mining-cloud-mining/id6503180820
Finance,99,Settle Up - Group Expenses,"Step Up Labs, Inc.",1212,4.8,Free,737534985,cz.bioport.SettleUp7,https://apps.apple.com/gb/app/settle-up-group-expenses/id737534985
Entertainment,10,StoryReel: Drama Shorts & TV,Equinox Enterprises Technology Limited,4288,4.65,Free,6761538521,com.storyreel.tv.ios,https://apps.apple.com/gb/app/storyreel-drama-shorts-tv/id6761538521
Entertainment,11,NetShort - Popular Dramas & TV,NETSTORY PTE. LTD.,13971,4.68,Free,6504849169,com.netshort.abroad,https://apps.apple.com/gb/app/netshort-popular-dramas-tv/id6504849169
Entertainment,16,ShortMax - Short Dramas & TV,SHORTTV LIMITED,10649,4.61,Free,6464002625,live.shorttv.ios,https://apps.apple.com/gb/app/shortmax-short-dramas-tv/id6464002625
Entertainment,17,VibeShort: AI Short Dramas,AGILE QUADRANT MEDIA LIMITED,4786,4.64,Free,6758667154,com.vibeshort.visualnovel.ios,https://apps.apple.com/gb/app/vibeshort-ai-short-dramas/id6758667154
Entertainment,18,Hayu: Reality TV Streaming,Universal Pictures Subscription Television Limited,15244,3.89,Free,1052817340,com.nbcuni.hayu,https://apps.apple.com/gb/app/hayu-reality-tv-streaming/id1052817340
Entertainment,19,DramaWave - Dramas & Reels,SKYWORK AI PTE LTD,18907,4.83,Free,6670430706,com.dramabuzz.app,https://apps.apple.com/gb/app/dramawave-dramas-reels/id6670430706
Entertainment,21,FlickReels - AI Story & Drama,FARSUN PTE. LTD.,5475,4.72,Free,6514312894,com.farsun.shortplay,https://apps.apple.com/gb/app/flickreels-ai-story-drama/id6514312894
Entertainment,24,The Zeus Network,"Zeus Networks, LLC",3250,4.7,Free,1399446592,com.thezeusnetwork.www,https://apps.apple.com/gb/app/the-zeus-network/id1399446592
Entertainment,29,Inkitt CandyJar: TV & Shorts,Inkitt GmbH,3819,4.65,Free,6466786430,com.inkitt.app.galateatv,https://apps.apple.com/gb/app/inkitt-candyjar-tv-shorts/id6466786430
Entertainment,31,JoyReels - Enjoy Short Dramas,UREELS PTE. LTD.,1064,4.53,Free,6465895541,com.joyreels.video,https://apps.apple.com/gb/app/joyreels-enjoy-short-dramas/id6465895541
Entertainment,32,AntenaPLAY,Antena TV Group SA,1689,3.94,Free,650785733,ro.antenaplay.app,https://apps.apple.com/gb/app/antenaplay/id650785733
Entertainment,35,Quinn - Audio Stories,Quinn Inc,1397,4.62,Free,1565600312,com.quinn.ios,https://apps.apple.com/gb/app/quinn-audio-stories/id1565600312
Entertainment,37,JioHotstar,JIOSTAR INDIA PRIVATE LIMITED,7246,4.62,Free,934459219,in.startv.hotstar,https://apps.apple.com/gb/app/jiohotstar/id934459219
Entertainment,38,Shortical - Stream Dramas & TV,Short Entertainment LTD,6335,4.72,Free,6745260515,shortical.com,https://apps.apple.com/gb/app/shortical-stream-dramas-tv/id6745260515
Entertainment,39,My Muse: Series & Drama Live,Zereli Limited,4924,4.4,Free,6738098034,com.my.muse,https://apps.apple.com/gb/app/my-muse-series-drama-live/id6738098034
Entertainment,40,Zee 5,Z5X Global FZ-LLC,7681,4.61,Free,743691886,com.zeeTV.DIDS4,https://apps.apple.com/gb/app/zee-5/id743691886
Entertainment,42,WOW Presents Plus,World of Wonder Productions,2196,4.39,Free,1194749500,com.vhx.worldofwonder,https://apps.apple.com/gb/app/wow-presents-plus/id1194749500
Entertainment,44,"iQIYI - Dramas, Anime, Shows",IQIYI INTERNATIONAL SINGAPORE PTE. LTD.,4919,4.81,Free,1461999674,com.iqiyi.i18n,https://apps.apple.com/gb/app/iqiyi-dramas-anime-shows/id1461999674
Entertainment,45,Enjoy - AI Town,"Enjoy Global, Inc.",4659,4.54,Free,6468901311,ai.enjoy.world,https://apps.apple.com/gb/app/enjoy-ai-town/id6468901311
Entertainment,46,MoboReels: Short Drama & Movie,CHANGDU (HK) TECHNOLOGY LIMITED,2630,4.5,Free,6450243852,com.changdu.mobovideo,https://apps.apple.com/gb/app/moboreels-short-drama-movie/id6450243852
Entertainment,47,"Globoplay: Filmes, séries e +",GLOBO COM. E PART. S/A,3203,4.68,Free,536321738,com.globo.hydra,https://apps.apple.com/gb/app/globoplay-filmes-s%C3%A9ries-e/id536321738
Entertainment,48,"BibiShort - Reel, Drama Series",TOPREEL GLOBAL PTE. LTD.,1622,4.5,Free,6755374588,com.aik.topreel.ai.app,https://apps.apple.com/gb/app/bibishort-reel-drama-series/id6755374588
Entertainment,49,Picolo · Party game,Marmelapp,15967,4.61,Free,1001473964,com.picolo.ios,https://apps.apple.com/gb/app/picolo-party-game/id1001473964
Entertainment,50,Side+,Sidemen Entertainment Limited,10956,4.92,Free,1589187670,ott.sidemen,https://apps.apple.com/gb/app/side/id1589187670
Entertainment,51,StardustTV - Short Drama&Movie,"Hongxing Media Co., Limited",7607,4.73,Free,6502377927,com.shdj.testios,https://apps.apple.com/gb/app/stardusttv-short-drama-movie/id6502377927
Entertainment,53,Pocket FM: Audio Dramas,Pocket FM Corp,13472,4.63,Free,1538433480,com.radio.pocketfm,https://apps.apple.com/gb/app/pocket-fm-audio-dramas/id1538433480
Entertainment,55,D&D Beyond,Wizards of the Coast LLC,8565,4.72,Free,1501810129,com.fandom.playercompanion,https://apps.apple.com/gb/app/d-d-beyond/id1501810129
Entertainment,56,DramaShorts: Watch TV & Shows,Brailion Ventures Limited,1426,4.22,Free,6478970137,io.drama.shorts,https://apps.apple.com/gb/app/dramashorts-watch-tv-shows/id6478970137
Entertainment,57,MyDrama: Short Drama Streaming,Holy Water Limited,4031,4.57,Free,6498713494,com.dashdramas,https://apps.apple.com/gb/app/mydrama-short-drama-streaming/id6498713494
Entertainment,58,iDrama – Short Dramas & Reels,HK Good Drama Technology Limited,1298,4.23,Free,6741501595,com.gooddrama.idrama,https://apps.apple.com/gb/app/idrama-short-dramas-reels/id6741501595
Entertainment,59,MUBI: Stream Great Cinema,"MUBI, Inc.",11763,4.68,Free,626148774,com.mubi.mubiapp,https://apps.apple.com/gb/app/mubi-stream-great-cinema/id626148774
Entertainment,61,ShortsWave: Watch Drama Series,HALOFUN PTE. LTD.,1517,4.68,Free,6478104173,com.company.shortsdrama.wave,https://apps.apple.com/gb/app/shortswave-watch-drama-series/id6478104173
Entertainment,62,Dropout,Connected Ventures,4815,4.96,Free,1380833056,com.collegehumor.chdropout,https://apps.apple.com/gb/app/dropout/id1380833056
Entertainment,66,Splash - Impostor Game,Cranberry Apps GmbH,10060,4.66,Free,6744290388,app.cranberry.splash,https://apps.apple.com/gb/app/splash-impostor-game/id6744290388
Entertainment,76,Imposter Who? - Word Game,Sokak Technologies Inc.,13005,4.74,Free,6746781192,com.sokak.imposter,https://apps.apple.com/gb/app/imposter-who-word-game/id6746781192
Entertainment,80,Shorts - TV Short Micro Drama,Luni,2330,4.59,Free,6498894314,app.luni.shorts,https://apps.apple.com/gb/app/shorts-tv-short-micro-drama/id6498894314
Entertainment,88,Swerve: AI Chat & Stories,"MSPW Labs, Inc.",5814,4.64,Free,6754301136,com.mspwl.swerve-chat,https://apps.apple.com/gb/app/swerve-ai-chat-stories/id6754301136
Entertainment,93,Gaia: Streaming Consciousness,"Gaia, Inc",16680,4.75,Free,821068605,com.gaiam.gaiamtv.ios,https://apps.apple.com/gb/app/gaia-streaming-consciousness/id821068605
Entertainment,98,Drama Pops - Reel Shorts TV,DEEP FLOW SOFTWARE SERVICES - FZCO,1418,4.67,Free,6503891345,com.deepvision.shortdrama,https://apps.apple.com/gb/app/drama-pops-reel-shorts-tv/id6503891345
Education,5,Driving Test Routes App,Route-Led Group Limited,8831,4.43,Free,1552362495,com.cardiffappdevs.RouteLedNew,https://apps.apple.com/gb/app/driving-test-routes-app/id1552362495
Education,7,Official DVSA Theory Test Kit,The Stationery Office Limited,15477,4.52,£5.49,463295925,com.tso.cartheorytestkit,https://apps.apple.com/gb/app/official-dvsa-theory-test-kit/id463295925
Education,9,Speak & Learn English: Learna,DEEP FLOW SOFTWARE SERVICES - FZCO,19056,4.58,Free,6478287397,com.codeway.aitutor,https://apps.apple.com/gb/app/speak-learn-english-learna/id6478287397
Education,12,Solid Starts: Baby First Foods,SolidStarts LLC,6026,4.89,Free,1564189151,com.digitas.solidstarts,https://apps.apple.com/gb/app/solid-starts-baby-first-foods/id1564189151
Education,14,Pimsleur | Language Learning,Simon & Schuster,1628,4.54,Free,1405735469,com.simonandschuster.pimsleur.unified.ios,https://apps.apple.com/gb/app/pimsleur-language-learning/id1405735469
Education,20,Deepstash: Smarter Every Day!,Brainstash Inc,6438,4.54,Free,1445023295,com.deepstash.application,https://apps.apple.com/gb/app/deepstash-smarter-every-day/id1445023295
Education,21,Imprint: Visual Micro Learning,"Polywise, Inc.",7057,4.73,Free,1482780647,com.polywise.weekly,https://apps.apple.com/gb/app/imprint-visual-micro-learning/id1482780647
Education,25,CITB Op/Spec HS&E test,CITB-ConstructionSkills,5776,4.86,£7.29,1456274821,com.citb.imagitech.GT100.19,https://apps.apple.com/gb/app/citb-op-spec-hs-e-test/id1456274821
Education,26,Picture Mushroom: Identifier,Next Vision Limited,5628,4.65,Free,1474578078,cn.danatech.pictureMushroom,https://apps.apple.com/gb/app/picture-mushroom-identifier/id1474578078
Education,27,HGV Theory Test Kit,Deep River Development Ltd,6527,4.75,Free,490449948,uk.co.deepriverdev.iOS.lgvTestLite,https://apps.apple.com/gb/app/hgv-theory-test-kit/id490449948
Education,29,Reading Eggs - Learn to Read,Blake eLearning Pty Ltd,5459,4.52,Free,726696040,com.blake.readingeggs,https://apps.apple.com/gb/app/reading-eggs-learn-to-read/id726696040
Education,30,Vocabulary - Learn words daily,Monkey Taps,16912,4.7,Free,1084540807,com.MonkeyTaps.Vocabulary,https://apps.apple.com/gb/app/vocabulary-learn-words-daily/id1084540807
Education,33,Official Life in the UK Test,The Stationery Office Limited,1446,3.38,£5.99,632064672,com.tso.lifeintheuk,https://apps.apple.com/gb/app/official-life-in-the-uk-test/id632064672
Education,34,Lingvano - Learn Sign Language,Lingvano GmbH,9973,4.82,Free,1547252782,com.lingvano.app,https://apps.apple.com/gb/app/lingvano-learn-sign-language/id1547252782
Education,35,Gizmo: AI Tutor,SAVE ALL LTD,12846,4.64,Free,1610516671,io.gonative.ios.xqdyad,https://apps.apple.com/gb/app/gizmo-ai-tutor/id1610516671
Education,36,HelloTalk - Language Learning,HELLOTALK FOREIGN LANGUAGE EXCHANGE LEARNING TALK CHAT APP,6275,4.47,Free,557130558,com.helloTalk.helloTalk,https://apps.apple.com/gb/app/hellotalk-language-learning/id557130558
Education,37,MasterClass: Online Classes,"Yanka Industries, Inc.",8228,4.78,Free,1273867416,com.masterclass.production,https://apps.apple.com/gb/app/masterclass-online-classes/id1273867416
Education,38,Coursera: Grow your career,"Coursera, Inc.",16907,4.8,Free,736535961,org.coursera.coursera,https://apps.apple.com/gb/app/coursera-grow-your-career/id736535961
Education,41,Language Learning with Ling,SIMYA LABS COMPANY LIMITED,3585,4.57,Free,1403783779,com.sanfanstudios.universal,https://apps.apple.com/gb/app/language-learning-with-ling/id1403783779
Education,43,Headway - Daily Micro Learning,GTHW App Limited,15743,4.29,Free,1457185832,com.headway.books,https://apps.apple.com/gb/app/headway-daily-micro-learning/id1457185832
Education,44,LingQ | Learn Languages,LingQ Languages Ltd.,1658,4.7,Free,379385811,com.lingq.iLingQ,https://apps.apple.com/gb/app/lingq-learn-languages/id379385811
Education,45,Udemy Online Video Courses,Udemy Inc,13283,4.62,Free,562413829,com.udemy,https://apps.apple.com/gb/app/udemy-online-video-courses/id562413829
Education,46,Baby games for Kids 3 5 Keiki,BENIPOL LIMITED,5874,4.5,Free,1508098273,gen.tech.keiki.world,https://apps.apple.com/gb/app/baby-games-for-kids-3-5-keiki/id1508098273
Education,47,Kiddopia: Kids Learning Games,"Kiddopia, Inc.",11491,4.21,Free,1223397201,com.paperboatapps.all-in-one,https://apps.apple.com/gb/app/kiddopia-kids-learning-games/id1223397201
Education,48,Justin Guitar Lessons & Songs,Musopia Oy,7163,4.8,Free,1176125504,net.musopia.fourchordsjustin,https://apps.apple.com/gb/app/justin-guitar-lessons-songs/id1176125504
Education,49,Pok Pok | Montessori Preschool,Pok Pok Inc,2322,4.69,Free,1550204730,com.playpokpok.playroom,https://apps.apple.com/gb/app/pok-pok-montessori-preschool/id1550204730
Education,52,Speak English with Loora AI,Loora A.I LTD,4231,4.85,Free,1552708303,ai.loora.Loora-iOS,https://apps.apple.com/gb/app/speak-english-with-loora-ai/id1552708303
Education,53,flowkey – Learn to Play Piano,flowkey GmbH,17494,4.66,Free,1020357408,com.flowkey.app,https://apps.apple.com/gb/app/flowkey-learn-to-play-piano/id1020357408
Education,54,Language Learning: Pingo AI,"Pingo AI, Inc.",1402,4.45,Free,6738882620,com.picoai.languageapp,https://apps.apple.com/gb/app/language-learning-pingo-ai/id6738882620
Education,55,LGV & HGV Theory Test Kit 2026,RAC Motoring Services,10144,4.77,Free,1484766050,com.skyunlimited.ukDrivingTestFreeCategoryLGV,https://apps.apple.com/gb/app/lgv-hgv-theory-test-kit-2026/id1484766050
Education,57,Mondly: Learn 41 Languages,ATi Studios A.P.P.S. SRL,7377,4.64,Free,987873536,com.atistudios.MondlyLanguages,https://apps.apple.com/gb/app/mondly-learn-41-languages/id987873536
Education,59,Bebi: Baby Games for Toddler,Bebi LLC,15120,4.68,Free,1474248135,com.nextep.learning.kids.games,https://apps.apple.com/gb/app/bebi-baby-games-for-toddler/id1474248135
Education,60,Rock Identifier: Stone ID,Next Vision Limited,8096,4.58,Free,1546796934,com.picturerock.rock,https://apps.apple.com/gb/app/rock-identifier-stone-id/id1546796934
Education,62,PlantIn・Plant Care Identifier,Vortemol Limited,6169,4.4,Free,1527399597,xyz.plantin.app,https://apps.apple.com/gb/app/plantin-plant-care-identifier/id1527399597
Education,63,Plant Identification－Plantaria,Grotem Limited,2282,4.43,Free,1490577892,com.angelscope.ios.plantyx,https://apps.apple.com/gb/app/plant-identification-plantaria/id1490577892
Education,65,Micro Learning - SmartyMe,ApexTech Ltd,4543,4.3,Free,6736654449,com.app.smartyme,https://apps.apple.com/gb/app/micro-learning-smartyme/id6736654449
Education,66,Life in the UK Test: 2026,LEARNIFY YAZILIM VE BILISIM TEKNOLOJILERI LIMITED SIRKETI,6413,4.71,Free,1625443834,com.poyyeemobile.lifeinuk,https://apps.apple.com/gb/app/life-in-the-uk-test-2026/id1625443834
Education,67,Jumpspeak | Language Learning,"Rype, Inc.",3272,4.49,Free,1514709368,com.rype.go,https://apps.apple.com/gb/app/jumpspeak-language-learning/id1514709368
Education,69,Lumosity: Brain Training Games,"Lumos Labs, Inc.",18165,4.59,Free,577232024,com.lumoslabs.Lumosity,https://apps.apple.com/gb/app/lumosity-brain-training-games/id577232024
Education,72,Plant App: Plant Identifier,SCALEUP YAZILIM HIZMETLERI ANONIM SIRKETI,14113,4.72,Free,1595795215,com.scaleup.plantid,https://apps.apple.com/gb/app/plant-app-plant-identifier/id1595795215
Education,73,Brilliant: Learn Math & Coding,"Brilliant Worldwide, Inc",5979,4.65,Free,913335252,com.brilliant.Brilliant,https://apps.apple.com/gb/app/brilliant-learn-math-coding/id913335252
Education,75,Fender Play: Learn Guitar,"Fender Digital, LLC",10958,4.77,Free,1226057939,com.FenderDigital.Play,https://apps.apple.com/gb/app/fender-play-learn-guitar/id1226057939
Education,76,Toca Boca Jr: Fun Kids Games,Sago Sago Toys Inc.,5579,3.73,Free,943869618,com.tocaboca.tocakitchen2,https://apps.apple.com/gb/app/toca-boca-jr-fun-kids-games/id943869618
Education,77,Brain Training Games - Clever,DPM APPS LP,4738,4.52,Free,1599756543,com.dpmapps.supernova,https://apps.apple.com/gb/app/brain-training-games-clever/id1599756543
Education,78,Speech Blubs: Language Therapy,Blub Blub Inc.,2933,4.28,Free,1239522573,org.blubblub.app.speechblubs,https://apps.apple.com/gb/app/speech-blubs-language-therapy/id1239522573
Education,80,DoodleMaths: Primary Maths,"Discovery Education, Inc.",6810,4.1,Free,598196680,com.ezeducation.doodlemaths.ks2,https://apps.apple.com/gb/app/doodlemaths-primary-maths/id598196680
Education,81,Motorcycle Theory Test UK Kit,Deep River Development Ltd,6335,4.74,Free,490440404,uk.co.deepriverdev.iOS.motoTestLite,https://apps.apple.com/gb/app/motorcycle-theory-test-uk-kit/id490440404
Education,82,Kalam: Learn Arabic,NODE ZERO INC,1709,4.65,Free,6745237476,com.saviomartin.alif,https://apps.apple.com/gb/app/kalam-learn-arabic/id6745237476
Education,83,Turbo AI - Learn Faster,TurboLearn LLC,3040,4.6,Free,6502794561,ai.turbolearn,https://apps.apple.com/gb/app/turbo-ai-learn-faster/id6502794561
Education,85,HelloChinese - Learn Chinese,"HelloChinese Technology Co., Ltd.",3947,4.87,Free,1001507516,com.hellochinese.main,https://apps.apple.com/gb/app/hellochinese-learn-chinese/id1001507516
Education,86,Phomemo,PHOMEMO PTE. LTD.,1509,4.52,Free,1456102145,com.quyin8.phomemo,https://apps.apple.com/gb/app/phomemo/id1456102145
Education,87,Speak: Language Learning,"Speakeasy Labs, Inc",1035,4.7,Free,1286609883,com.selabs.speak-v2,https://apps.apple.com/gb/app/speak-language-learning/id1286609883
Education,88,Falou - Fast language learning,Moymer Negocios e Servicos em Tecnologia LTDA.,9279,4.71,Free,1460579936,com.moymer.falou,https://apps.apple.com/gb/app/falou-fast-language-learning/id1460579936
Education,91,Picture Insect: Spiders & Bugs,Next Vision Limited,4029,4.56,Free,1461694973,cn.danatech.pictureInsect,https://apps.apple.com/gb/app/picture-insect-spiders-bugs/id1461694973
Education,93,Gibson: Learn & Play Guitar,Zoundio Oy,1090,4.7,Free,1116032929,com.berggram.amped,https://apps.apple.com/gb/app/gibson-learn-play-guitar/id1116032929
Education,98,Sago Mini World: Kids Games,Sago Sago Toys Inc.,7717,4.12,Free,874425722,com.sagosago.Friends,https://apps.apple.com/gb/app/sago-mini-world-kids-games/id874425722
Education,99,Zigzag - Puppy & Dog Training,PetCare Services Ltd,6878,4.77,Free,1550121165,nl.navara.zigzag,https://apps.apple.com/gb/app/zigzag-puppy-dog-training/id1550121165
Education,100,Driving Theory Test Kit 2026,APPISODE YAZILIM TEKNOLOJILERI LIMITED SIRKETI,1049,4.63,Free,6502908551,com.appisode.theorytest,https://apps.apple.com/gb/app/driving-theory-test-kit-2026/id6502908551
Books,6,Shonen Jump Manga & Comics,Viz Media iOS,17511,4.84,Free,594237344,com.viz.wsj,https://apps.apple.com/gb/app/shonen-jump-manga-comics/id594237344
Books,8,AnyStories-Top Novels & Books,READ ASAP LTD,3398,4.62,Free,1500217654,write.read.story.webnovel.book.anystories,https://apps.apple.com/gb/app/anystories-top-novels-books/id1500217654
Books,9,Everand: Audiobooks & Ebooks,Scribd,2098,4.25,Free,542557212,com.scribd.iscribd,https://apps.apple.com/gb/app/everand-audiobooks-ebooks/id542557212
Books,11,Tarteel: AI Quran Memorisation,Tarteel Inc.,3375,4.7,Free,1391009396,com.iqraapp.Iqra,https://apps.apple.com/gb/app/tarteel-ai-quran-memorisation/id1391009396
Books,12,WebNovel - Read Novels & Manga,Cloudary Holdings Limited,3142,4.26,Free,1234939196,com.webnovel.reader,https://apps.apple.com/gb/app/webnovel-read-novels-manga/id1234939196
Books,13,Storytel - Audiobooks Library,Storytel Sweden AB,4508,4.77,Free,348177651,com.storytel.iphone,https://apps.apple.com/gb/app/storytel-audiobooks-library/id348177651
Books,14,Audioteka,Audioteka Group Sp. z o.o.,2798,4.77,Free,1107917398,com.audioteka,https://apps.apple.com/gb/app/audioteka/id1107917398
Books,15,Quran by Quranly,Quranly Ltd,1239,4.66,Free,1559233786,com.quranly.app,https://apps.apple.com/gb/app/quran-by-quranly/id1559233786
Books,16,MegaNovel - fiction & webtoon,SINGAPORE NEW READING TECHNOLOGY PTE. LTD.,1284,4.56,Free,1600844711,com.newreading.meganovel,https://apps.apple.com/gb/app/meganovel-fiction-webtoon/id1600844711
Books,18,Fable: Track & Discuss Books,Fable Group Inc.,9894,4.71,Free,1488170618,co.fable.Fable,https://apps.apple.com/gb/app/fable-track-discuss-books/id1488170618
Books,19,Wehear - Audiobooks & Stories,STAR READING LIMITED,2875,4.38,Free,1560926379,com.wehear.star.reading,https://apps.apple.com/gb/app/wehear-audiobooks-stories/id1560926379
Books,21,JoyRead-Enjoy Novels & Shorts,UREAD GLOBAL PTE. LTD.,2235,4.54,Free,1551079603,com.whaledream.novel,https://apps.apple.com/gb/app/joyread-enjoy-novels-shorts/id1551079603
Books,22,"Manta - Manga, Manhwa, Novels",RIDI Corporation,1582,4.6,Free,1536116642,net.manta.comic,https://apps.apple.com/gb/app/manta-manga-manhwa-novels/id1536116642
Books,24,AlphaNovel - Novels & Stories,Brailion Ventures Limited,9210,4.67,Free,1585933612,io.alpha.novel,https://apps.apple.com/gb/app/alphanovel-novels-stories/id1585933612
Books,25,MoboReader: Novels & Stories,CHANGDU (HK) TECHNOLOGY LIMITED,6415,4.22,Free,1291247971,com.changduhk.ereader,https://apps.apple.com/gb/app/moboreader-novels-stories/id1291247971
Books,28,"Moshi Kids: Sleep, Relax, Play",Mind Candy,19590,4.67,Free,1306719339,com.mindcandy.sleepstories,https://apps.apple.com/gb/app/moshi-kids-sleep-relax-play/id1306719339
Books,29,Litres: Книги и аудиокниги,LitRes OOO,1537,4.77,Free,438441429,ru.litres.app,https://apps.apple.com/gb/app/litres-%D0%BA%D0%BD%D0%B8%D0%B3%D0%B8-%D0%B8-%D0%B0%D1%83%D0%B4%D0%B8%D0%BE%D0%BA%D0%BD%D0%B8%D0%B3%D0%B8/id438441429
Books,30,Marvel Unlimited,"Disney Electronic Content, Inc.",5763,4.73,Free,607205403,com.marvel.unlimited,https://apps.apple.com/gb/app/marvel-unlimited/id607205403
Books,31,Audiobooks.com: Get audiobooks,Storytel Audiobooks USA LLC,5007,4.62,Free,521227008,com.audiobooks.ios,https://apps.apple.com/gb/app/audiobooks-com-get-audiobooks/id521227008
Books,33,微信读书,Tencent Technology (Shenzhen) Company Limited,2623,4.86,Free,952059546,com.tencent.weread,https://apps.apple.com/gb/app/%E5%BE%AE%E4%BF%A1%E8%AF%BB%E4%B9%A6/id952059546
Books,39,BueNovela - leer novela libro,SINGAPORE NEW READING TECHNOLOGY PTE. LTD.,1045,4.68,Free,1547565419,com.read.buenovela,https://apps.apple.com/gb/app/buenovela-leer-novela-libro/id1547565419
Books,51,NovelMist - Novels & Stories,晓东 王,1192,4.2,Free,6772875404,com.globebyte.novelmist,https://apps.apple.com/gb/app/novelmist-novels-stories/id6772875404
Books,58,Tapon - Stories & Novels,SPOTON  LIMITED,1530,4.72,Free,1615344447,com.tapon.read,https://apps.apple.com/gb/app/tapon-stories-novels/id1615344447
Books,66,Bookly: Book Tracker,TWODOOR GAMES SRL,6976,4.57,Free,1085047737,com.twodoor.bookeep,https://apps.apple.com/gb/app/bookly-book-tracker/id1085047737
Books,68,"WebComics - Webtoon, Manga",WEBCOMICS HOLDINGS HK LIMITED,2734,4.74,Free,1337550955,com.manga.webcomics,https://apps.apple.com/gb/app/webcomics-webtoon-manga/id1337550955
Books,71,"Novelaria - Read Book, Booktok",窕翔 刘,1066,4.83,Free,6587560745,com.novelaria.book,https://apps.apple.com/gb/app/novelaria-read-book-booktok/id6587560745
Books,78,Yestory - Read Books & Booktok,Yestory Mobile Development Limited,1420,4.87,Free,6443988199,com.yestory.cc,https://apps.apple.com/gb/app/yestory-read-books-booktok/id6443988199
Books,91,Bookmory - book tracker & TBR,TonySoft,1632,4.85,Free,1515533482,net.tonysoft.bookmory,https://apps.apple.com/gb/app/bookmory-book-tracker-tbr/id1515533482
Books,97,Twinkl Rhino Readers Books,Twinkl Limited,2017,4.63,Free,1540798519,co.uk.twinkl.rhinoreaders,https://apps.apple.com/gb/app/twinkl-rhino-readers-books/id1540798519
Medical,1,Huckleberry: Baby Tracker,Huckleberry Labs Inc.,15932,4.92,Free,1169136078,com.huckleberry-labs.app,https://apps.apple.com/gb/app/huckleberry-baby-tracker/id1169136078
Medical,3,SnoreLab : Record Your Snoring,Reviva Softworks Ltd,14134,4.66,Free,529443604,com.revivasoftworks.Snore-Lab,https://apps.apple.com/gb/app/snorelab-record-your-snoring/id529443604
Medical,5,Squeezy,Living With Ltd,9360,4.85,£3.99,700740791,com.propagata.squeezy,https://apps.apple.com/gb/app/squeezy/id700740791
Medical,6,Hilo Blood Pressure Companion,aktiia SA,3302,4.69,Free,1503559263,com.aktiia.aktiia,https://apps.apple.com/gb/app/hilo-blood-pressure-companion/id1503559263
Medical,9,FibriCheck,Qompium nv,2198,4.44,Free,1102327473,com.qompium.FibriCheck1,https://apps.apple.com/gb/app/fibricheck/id1102327473
Medical,11,Contraction Timer & Counter 9m,Aleksei Neiman,12811,4.73,Free,877303791,com.slothdevel.contractions,https://apps.apple.com/gb/app/contraction-timer-counter-9m/id877303791
Medical,12,TeachMe Anatomy: 3D Human Body,TeachMeSeries Limited,1302,4.85,Free,1047116087,com.atomengine.TeachMeAnatomy,https://apps.apple.com/gb/app/teachme-anatomy-3d-human-body/id1047116087
Medical,13,Noxogy : Sleep & Snore Tracker,"Apirox, s.r.o.",7162,4.49,Free,968720724,com.apirox.sleeprecorder.free,https://apps.apple.com/gb/app/noxogy-sleep-snore-tracker/id968720724
Medical,15,Medisafe Pill Reminder,MediSafe Inc.,13459,4.64,Free,573916946,com.medisafe.medisafe,https://apps.apple.com/gb/app/medisafe-pill-reminder/id573916946
Medical,21,Preggers | Pregnancy & Baby,Stroller AB,1099,4.8,Free,1363479578,life.stroller.preggers,https://apps.apple.com/gb/app/preggers-pregnancy-baby/id1363479578
Medical,22,Body Temperature App For Fever,"AboutMe Apps, Inc.",1968,4.64,Free,1516844582,com.body.temperature.app,https://apps.apple.com/gb/app/body-temperature-app-for-fever/id1516844582
Medical,27,Blood Pressure Monitor SmartBP,"Evolve Medical Systems, LLC",3701,4.44,Free,519076558,com.evolvemedicalsystems.sbp,https://apps.apple.com/gb/app/blood-pressure-monitor-smartbp/id519076558
Medical,28,Health Diary by MedM,MedM Inc,1251,4.58,Free,929581952,com.medm.health.app,https://apps.apple.com/gb/app/health-diary-by-medm/id929581952
Medical,29,Freya • Surge Timer,The Positive Birth Company Ltd.,1207,4.88,£4.99,1447509164,com.thepositivebirthcompany.surgetracker,https://apps.apple.com/gb/app/freya-surge-timer/id1447509164
Medical,31,Essential Anatomy 5,3D4Medical.com,2532,4.79,£19.99,596684220,com.3d4medical.EssentialAnatomyiPad,https://apps.apple.com/gb/app/essential-anatomy-5/id596684220
Medical,33,Clarity: CBT Self Help Journal,Inquiry Health LLC,5301,4.78,Free,1010391170,com.moodtools.thoughtdiary,https://apps.apple.com/gb/app/clarity-cbt-self-help-journal/id1010391170
Medical,38,mySugr - Diabetes Tracker Log,mySugr GmbH,4648,4.68,Free,516509211,com.mysugr.companion.mySugr,https://apps.apple.com/gb/app/mysugr-diabetes-tracker-log/id516509211
Medical,39,Blood Pressure Log and Tracker,Custom Arts Ltd,3394,4.8,Free,794542324,com.f11.bloodpressuretrack,https://apps.apple.com/gb/app/blood-pressure-log-and-tracker/id794542324
Medical,43,Pregnancy Tracker by Moms,Wachanga LTD,2530,4.77,Free,1144871267,com.wachanga.pregnancy,https://apps.apple.com/gb/app/pregnancy-tracker-by-moms/id1144871267
Medical,44,Blood Oxygen App+,"AboutMe Apps, Inc.",3193,4.45,Free,1541992656,com.pulse.oximeter.app,https://apps.apple.com/gb/app/blood-oxygen-app/id1541992656
Medical,46,Plabable for PLAB,Plabable Limited,1121,4.79,Free,1446896709,com.plabable.plabable,https://apps.apple.com/gb/app/plabable-for-plab/id1446896709
Medical,49,Squeezy Men,Living With Ltd,1126,4.77,£3.99,929618748,com.propagata.squeezyformen,https://apps.apple.com/gb/app/squeezy-men/id929618748
Medical,53,Contraction Timer ＆ Tracker,Going Merry LLC,16653,4.55,Free,933501579,au.com.penguinapps.ios.ContractionTimer,https://apps.apple.com/gb/app/contraction-timer-tracker/id933501579
Medical,60,Migraine Buddy,Voluntis,4357,4.76,Free,975074413,com.healint.MigraineBuddy,https://apps.apple.com/gb/app/migraine-buddy/id975074413
Medical,66,myPill® Birth Control Reminder,Bouqt.com Ltd,5722,4.77,Free,425632209,com.hashsw.myPillReminder,https://apps.apple.com/gb/app/mypill-birth-control-reminder/id425632209
Medical,80,Five Lives: Brain Health 50+,SharpTx Ltd,2205,4.58,Free,1501546196,life.sharptx.app.production,https://apps.apple.com/gb/app/five-lives-brain-health-50/id1501546196
Medical,83,Hear My Baby Heartbeat App,Fat Cigar Productions Ltd,1075,3.54,Free,1111420122,am.impossible.hear-my-baby,https://apps.apple.com/gb/app/hear-my-baby-heartbeat-app/id1111420122
Medical,85,Glow Baby Tracker & Growth App,"Glow, Inc.",1613,4.7,Free,1077177456,com.glowing.noah,https://apps.apple.com/gb/app/glow-baby-tracker-growth-app/id1077177456
Food & Drink,1,mise - meal planner,TEGS LABS LTD,1177,4.59,Free,6777471316,com.gregorytaylor.shopping,https://apps.apple.com/gb/app/mise-meal-planner/id6777471316
Food & Drink,2,ReciMe: Recipes & Meal Planner,ReciMe Pty Ltd,19381,4.73,Free,1593779280,com.recime.app,https://apps.apple.com/gb/app/recime-recipes-meal-planner/id1593779280
Food & Drink,3,Mob: Meal Planner and Recipes,Mouth Group Limited,4530,4.59,Free,6670216494,com.mob.mobappprod,https://apps.apple.com/gb/app/mob-meal-planner-and-recipes/id6670216494
Food & Drink,5,Mealia - AI Grocery Assistant,Mealia Ltd.,4450,4.78,Free,6475587257,com.mealia.mealia,https://apps.apple.com/gb/app/mealia-ai-grocery-assistant/id6475587257
Food & Drink,9,Annabel Karmel Kids Recipes,Annabel Karmel Group Holdings Limited,1918,4.43,Free,409157308,tv.umee.customer.annabelkarmel,https://apps.apple.com/gb/app/annabel-karmel-kids-recipes/id409157308
Food & Drink,10,Guardian Feast: Daily Recipes,Guardian News & Media Ltd,5996,4.8,Free,6468674686,uk.co.guardian.Feast,https://apps.apple.com/gb/app/guardian-feast-daily-recipes/id6468674686
Food & Drink,11,Gronda: Recipes for Chefs,Gronda GmbH,1750,4.75,Free,1164423781,gronda.gmbh,https://apps.apple.com/gb/app/gronda-recipes-for-chefs/id1164423781
Food & Drink,12,The Doctor’s Kitchen,Doctors Kitchen Digital Ltd,1896,4.81,Free,1568122827,com.thedoctorskitchen.ios,https://apps.apple.com/gb/app/the-doctors-kitchen/id1568122827
Food & Drink,16,NYT Cooking: Quick Tasty Meals,The New York Times Company,7136,4.88,Free,911422904,com.nytimes.cooking,https://apps.apple.com/gb/app/nyt-cooking-quick-tasty-meals/id911422904
Food & Drink,17,Osta: Save & Share Recipes,General Digital Connoisseurs Ltd.,1076,4.69,Free,6739286231,com.saltrecipeapp,https://apps.apple.com/gb/app/osta-save-share-recipes/id6739286231
Food & Drink,21,Wine-Searcher,Wine-Searcher Limited,2854,4.74,Free,599836194,com.wine-searcher.wine-searcher,https://apps.apple.com/gb/app/wine-searcher/id599836194
Food & Drink,29,MealPrepPro Planner & Recipes,Nibble Apps Ltd,2381,4.46,Free,1249805978,com.nibbleapps.MealPrepPro,https://apps.apple.com/gb/app/mealpreppro-planner-recipes/id1249805978
Food & Drink,31,Recipe Keeper,Tudorspan Limited,2699,4.8,Free,974683711,com.tudorspan.recipekeeper,https://apps.apple.com/gb/app/recipe-keeper/id974683711
Food & Drink,32,Eatr・AI Healthy Diet Meal Plan,EATR LLC,1694,4.29,Free,6479693198,com.eatr.eatr,https://apps.apple.com/gb/app/eatr-ai-healthy-diet-meal-plan/id6479693198
Food & Drink,35,Recipe Keeper - CookBook,CookBook Co. Pty Ltd,1087,4.66,Free,1073341917,com.app.cookbook,https://apps.apple.com/gb/app/recipe-keeper-cookbook/id1073341917
Food & Drink,38,Untappd: Find Drinks You Love,"Untappd, Inc",19315,4.8,Free,449141888,com.untappdllc.com,https://apps.apple.com/gb/app/untappd-find-drinks-you-love/id449141888
Food & Drink,41,Paprika Recipe Manager 3,Hindsight Labs LLC,2795,4.85,£4.99,1303222868,com.hindsightlabs.paprika.ios.v3,https://apps.apple.com/gb/app/paprika-recipe-manager-3/id1303222868
Food & Drink,47,TREAT: Play & impact REAL dogs,Treat App Ltd,1432,4.86,Free,1591591442,com.treatva.treatapp,https://apps.apple.com/gb/app/treat-play-impact-real-dogs/id1591591442
Food & Drink,55,Cocktail Flow - Drink Recipes,Cocktail Flow Korlatolt Felelossegu Tarsasag,2620,4.65,Free,486811622,com.distinction.cocktailflow,https://apps.apple.com/gb/app/cocktail-flow-drink-recipes/id486811622
Food & Drink,60,Keto Diet Recipes App,Drama Labs GmbH,3080,4.69,Free,1157455937,com.dietclub.dietclub,https://apps.apple.com/gb/app/keto-diet-recipes-app/id1157455937
Food & Drink,69,Gluten Free Scanner,Food Barcode Scanner Ltd,2915,4.82,Free,1642357030,co.uk.bluepixl.glutenfreescanner,https://apps.apple.com/gb/app/gluten-free-scanner/id1642357030
Food & Drink,80,Kneady: Bread & Baking Recipes,Quillbound Studios Ltd,1619,4.81,Free,1534576984,com.kneady-technologies.kneady,https://apps.apple.com/gb/app/kneady-bread-baking-recipes/id1534576984
Food & Drink,98,Samsung Food: Meal Planning,Foodient Ltd,1801,4.76,Free,1133637674,com.foodient.whisk3,https://apps.apple.com/gb/app/samsung-food-meal-planning/id1133637674
Shopping,1,Cameo - Personal celeb videos,"Baron App, Inc.",4656,4.81,Free,1258311581,com.baronapp.cameo,https://apps.apple.com/gb/app/cameo-personal-celeb-videos/id1258311581
Shopping,5,Which?,Which? Limited,16495,4.5,Free,1082710781,uk.co.which.reviews,https://apps.apple.com/gb/app/which/id1082710781
Shopping,7,Sniper for ebay bid auctions,THINKLAB GmbH,4162,4.88,Free,490091459,com.baytomat,https://apps.apple.com/gb/app/sniper-for-ebay-bid-auctions/id490091459
Shopping,10,Parcel - Delivery Tracking,Ivan Pavlov Pty Ltd,8554,4.81,Free,375589283,com.mr-brightside.myParcel,https://apps.apple.com/gb/app/parcel-delivery-tracking/id375589283
Shopping,13,Christmas Gift List Tracker,"LW Brands, LLC",8457,4.85,Free,1444504033,christmasgifts.lwbrandsllc,https://apps.apple.com/gb/app/christmas-gift-list-tracker/id1444504033
Shopping,34,Publi24,Publi24 Digital SRL,1747,4.87,Free,722242111,ro.informmedia.publi24,https://apps.apple.com/gb/app/publi24/id722242111
Shopping,37,HotStock - in-stock alerts,Litebox Ltd,5459,4.81,Free,1257690900,com.pricklyfish.instock,https://apps.apple.com/gb/app/hotstock-in-stock-alerts/id1257690900
Shopping,49,Our Groceries Shopping List,"OurGroceries, Inc.",2720,4.79,Free,325851015,com.headcode.ourgroceries,https://apps.apple.com/gb/app/our-groceries-shopping-list/id325851015
Shopping,63,Packages - Track Your Parcels,BRIGHT STRIPE COMPUTER SYSTEMS & COMMUNICATION EQUIPMENT SOFTWARE DESIGN L.L.C,4998,4.73,Free,1229071393,com.brightstripe.Parcels,https://apps.apple.com/gb/app/packages-track-your-parcels/id1229071393
Shopping,71,Barcode Scanner - QR Scanner,MD Mokammal Hossain,1920,4.34,Free,1210662415,com.juwel.BarcodeScanner,https://apps.apple.com/gb/app/barcode-scanner-qr-scanner/id1210662415
Shopping,91,Droplist: Sneaker Drops,Droplist LTD,4371,4.82,Free,1425619487,com.TheDroplist.Droplist,https://apps.apple.com/gb/app/droplist-sneaker-drops/id1425619487
Shopping,98,Freebie Alerts: Free Stuff App,RoMa LLC,6315,4.71,Free,1458308488,com.rodolfogs.nextdoor-alerts,https://apps.apple.com/gb/app/freebie-alerts-free-stuff-app/id1458308488
