genre,grossing_rank,name,seller,ratings,avg_rating,price,store_id,bundle_id,url
Business,15,Invoice Maker Tofu & Estimates,GetPaid Inc.,1852,4.78,Free,1314873764,com.getpaidapp.invoices,https://apps.apple.com/gb/app/invoice-maker-tofu-estimates/id1314873764
Business,16,Gas App Uk,Gas App Uk Limited,1536,4.65,Free,1033168436,biz.safegas.gasapp,https://apps.apple.com/gb/app/gas-app-uk/id1033168436
Business,19,Parcel Tracking - pkge Mobile,DARADDO APPS LTD,845,4.29,Free,1397865865,com.pkge.pkge.net,https://apps.apple.com/gb/app/parcel-tracking-pkge-mobile/id1397865865
Business,20,Booksy Biz: Booking & Payments,Booksy International sp. z o.o.,1100,4.38,Free,725335996,com.sensi.BooksyBIZZ,https://apps.apple.com/gb/app/booksy-biz-booking-payments/id725335996
Business,23,Joist: Invoice & Quote Maker,Joist Software Inc.,469,4.64,Free,592163563,com.joistapp.joist,https://apps.apple.com/gb/app/joist-invoice-quote-maker/id592163563
Business,29,A1 PDF Editor: Edit PDF & Sign,Rhophi Analytics LLP,1035,4.65,Free,6443583054,com.a1office.pdfeditor.pdf.document,https://apps.apple.com/gb/app/a1-pdf-editor-edit-pdf-sign/id6443583054
Business,30,Printer App ®,"SMM service, s.r.o.",1095,3.62,Free,1541008027,com.smmservice.printer,https://apps.apple.com/gb/app/printer-app/id1541008027
Business,33,Stan: Link in Bio for Creators,"FindCommunity, Inc.",1906,4.81,Free,6478343472,me.stanwith.store.app,https://apps.apple.com/gb/app/stan-link-in-bio-for-creators/id6478343472
Business,36,World VPN: Secure & Good Speed,"ESSA STUDIO, MCHJ",342,4.48,Free,1619738336,world.vpn.master,https://apps.apple.com/gb/app/world-vpn-secure-good-speed/id1619738336
Business,39,Setmore Appointment Scheduling,"Setmore, Inc.",1543,4.66,Free,665859578,com.setmore.app,https://apps.apple.com/gb/app/setmore-appointment-scheduling/id665859578
Business,45,pdfFiller: docs & PDF editor,"airSlate, Inc.",634,4.11,Free,571613512,com.pdffiller.PDFfiller,https://apps.apple.com/gb/app/pdffiller-docs-pdf-editor/id571613512
Business,46,Smart Printer App Scan & Print,Appshub Bilgi Teknolojileri Limited Sirketi,905,4.29,Free,6739768021,com.appshub.mobileprinter,https://apps.apple.com/gb/app/smart-printer-app-scan-print/id6739768021
Business,48,Manychat,ManyChat Inc.,227,4.04,Free,1460129210,MC.ManyChat-dev,https://apps.apple.com/gb/app/manychat/id1460129210
Business,51,PDF Editor,"SMM service, s.r.o.",1840,4.44,Free,1532638515,com.smmservice.pdfeditor,https://apps.apple.com/gb/app/pdf-editor/id1532638515
Business,52,Backstage - Casting Calls,Backstage LLC,846,4.61,Free,1215380527,com.backstage.casting,https://apps.apple.com/gb/app/backstage-casting-calls/id1215380527
Business,54,Printer App Smart: Pro Print,Upscala Apps OU,886,4.48,Free,1585148293,netpeakeood.airprinter,https://apps.apple.com/gb/app/printer-app-smart-pro-print/id1585148293
Business,55,Voice Recorder－Dictaphone App,PrimeForm OU,231,4.41,Free,1639516366,com.call.recorder.app.tlm,https://apps.apple.com/gb/app/voice-recorder-dictaphone-app/id1639516366
Business,57,OnPhone: Second Mobile Number,AnyDay Apps Inc.,1331,4.4,Free,1564051387,anyday.phone,https://apps.apple.com/gb/app/onphone-second-mobile-number/id1564051387
Business,59,PDF Converter: Reader & Editor,Larry Sanders,228,4.62,Free,1635037894,com.hafakotltd.pdf,https://apps.apple.com/gb/app/pdf-converter-reader-editor/id1635037894
Business,61,ServiceM8 - Job Management App,Eroldawn Pty Ltd,1239,4.48,Free,378062736,com.servicem8,https://apps.apple.com/gb/app/servicem8-job-management-app/id378062736
Business,65,Smart Printer App - Scan,MAPLE LABS COMPANY LIMITED,1886,4.44,Free,1602635337,com.maplelabs.airprinter,https://apps.apple.com/gb/app/smart-printer-app-scan/id1602635337
Business,67,Sortly: Inventory Simplified,Sortly Inc.,672,4.66,Free,529353551,com.mythingsapp.mythings,https://apps.apple.com/gb/app/sortly-inventory-simplified/id529353551
Business,68,Smart Printer App: iPrint,Rhythmix OU,1544,4.58,Free,6445919810,printer.airprinter,https://apps.apple.com/gb/app/smart-printer-app-iprint/id6445919810
Business,74,TapeACall: Call Recorder,Mosaic S.r.l.,1831,3.54,Free,573751328,com.epicenterprises.tapeacall.lite,https://apps.apple.com/gb/app/tapeacall-call-recorder/id573751328
Business,76,Another Number,Thumbtel Ltd,432,4.2,Free,1141833231,com.hullomail.AnotherNumber,https://apps.apple.com/gb/app/another-number/id1141833231
Business,78,EI Classic Invoice Maker,Marla International Limited,894,4.8,Free,1535481541,uk.co.geode.easyinvoiceclassic,https://apps.apple.com/gb/app/ei-classic-invoice-maker/id1535481541
Business,79,Boards.com,Boards.com Ltd,961,4.82,Free,1507677341,co.heybliss.BlissApp1,https://apps.apple.com/gb/app/boards-com/id1507677341
Business,81,Jobber Field Service Software,Octopusapp Inc,447,4.77,Free,1014146758,com.getjobber.jobber,https://apps.apple.com/gb/app/jobber-field-service-software/id1014146758
Business,85,"FAX from iPhone: Receive, Send",Municorn Limited,1909,4.61,Free,978931264,biz.faxapp.app,https://apps.apple.com/gb/app/fax-from-iphone-receive-send/id978931264
Business,87,Invoice Generator・Simple Bill,Saldo Apps Inc.,632,4.72,Free,1447239633,com.simple.invoice.maker,https://apps.apple.com/gb/app/invoice-generator-simple-bill/id1447239633
Business,93,Invoice Zip - Invoice Maker,NEO PIXEL LABS PTE. LTD,945,4.68,Free,679572722,com.btgs.turboinvoice,https://apps.apple.com/gb/app/invoice-zip-invoice-maker/id679572722
Business,94,Deputy: Rota & Shift planner,Deputec Pty Ltd,2395,4.79,Free,477070330,com.deputy.prod,https://apps.apple.com/gb/app/deputy-rota-shift-planner/id477070330
Business,99,Call Recorder iCall,AppInnovations OU,2391,4.54,Free,1447098963,com.appitate.callrecorder,https://apps.apple.com/gb/app/call-recorder-icall/id1447098963
Utilities,4,Pocket - AI Personal Assistant,"Open Vision Engineering, Inc",702,4.88,Free,6746845735,com.heypocket.app,https://apps.apple.com/gb/app/pocket-ai-personal-assistant/id6746845735
Utilities,12,Authenticator App - 2FA MFA,BEGAMOB GLOBAL LIMITED,584,4.08,Free,6754900760,com.begamob.authent,https://apps.apple.com/gb/app/authenticator-app-2fa-mfa/id6754900760
Utilities,16,Mullvad VPN,Mullvad VPN AB,264,4.29,Free,1488466513,net.mullvad.MullvadVPN,https://apps.apple.com/gb/app/mullvad-vpn/id1488466513
Utilities,19,Universal Remote TV Control＊,"VISARGERD, S.L.",2997,4.47,Free,6477382010,imote.tv.remote.control,https://apps.apple.com/gb/app/universal-remote-tv-control/id6477382010
Utilities,20,UniRemote: Universal TV Remote,Kanatom Limited,825,4.37,Free,6504182653,com.kanatom.tvremote,https://apps.apple.com/gb/app/uniremote-universal-tv-remote/id6504182653
Utilities,24,Screen Mirroring | Cast to TV,Ozuna Limited,1776,4.53,Free,6670321276,screen.casting.app,https://apps.apple.com/gb/app/screen-mirroring-cast-to-tv/id6670321276
Utilities,27,Hushed: UK Second Phone Number,AffinityClick Inc.,1090,4.09,Free,600520752,com.affinityclick.hushed,https://apps.apple.com/gb/app/hushed-uk-second-phone-number/id600520752
Utilities,28,Screen Mirroring・Cast Smart TV,Desidari holding ltd,2931,4.15,Free,6471257645,tv.screen.mirroring,https://apps.apple.com/gb/app/screen-mirroring-cast-smart-tv/id6471257645
Utilities,30,Authenticator ·,"SMM service, s.r.o.",2307,4.56,Free,1602061522,com.smmservice.authenticator,https://apps.apple.com/gb/app/authenticator/id1602061522
Utilities,31,VitalScan: Wellness Mirror,CyberNex Networks Limited,1035,4.51,Free,6758564907,com.vital.scan,https://apps.apple.com/gb/app/vitalscan-wellness-mirror/id6758564907
Utilities,35,Ubox,HONGBO WANG,1943,4.74,Free,1436112326,cn.ubia.ubox,https://apps.apple.com/gb/app/ubox/id1436112326
Utilities,37,Screen Mirroring - TV Cast Air,EVOLLY.APP PTE. LTD,789,3.04,Free,1494564197,evolly.app.mirror,https://apps.apple.com/gb/app/screen-mirroring-tv-cast-air/id1494564197
Utilities,42,OBDeleven – OBD2 car scanner,OBDeleven UAB,704,4.42,Free,1643119107,com.voltasit.obdeleven.ios.basic,https://apps.apple.com/gb/app/obdeleven-obd2-car-scanner/id1643119107
Utilities,43,Universal Remote・TV Control,Ozuna Limited,788,4.5,Free,6467252904,com.tvremote-smart.app,https://apps.apple.com/gb/app/universal-remote-tv-control/id6467252904
Utilities,46,Remote for Firestick · Fire TV,Netsis Mobile FZCO,1729,4.07,Free,1625553531,com.nm.fire-tv-remote,https://apps.apple.com/gb/app/remote-for-firestick-fire-tv/id1625553531
Utilities,47,Pokémon HOME,The Pokemon Company,2514,3.81,Free,1485352913,jp.pokemon.pokemonhome,https://apps.apple.com/gb/app/pok%C3%A9mon-home/id1485352913
Utilities,49,TV Cast for Chromecast !,EVOLLY.APP PTE. LTD,1166,3.4,Free,1523826729,evolly.app.chromecast,https://apps.apple.com/gb/app/tv-cast-for-chromecast/id1523826729
Utilities,50,Find Air - My Device Tracker,"AIR APPS SYSTEMS, UNIPESSOAL, LDA",1071,4.55,Free,1507917112,co.airapps.finderbot,https://apps.apple.com/gb/app/find-air-my-device-tracker/id1507917112
Utilities,52,carVertical: Car Check,"CV Group, UAB",1664,4.8,Free,1528834650,com.carvertical.carVertical,https://apps.apple.com/gb/app/carvertical-car-check/id1528834650
Utilities,55,Tape Measure，Level & Ruler Арр,Free Style Dev LLC,330,4.03,Free,1453537222,com.ruler.tape.measure,https://apps.apple.com/gb/app/tape-measure-level-ruler-%D0%B0%D1%80%D1%80/id1453537222
Utilities,59,VicoHome: Smart Home Camera,PHOTON SAIL TECHNOLOGIES PTE. LTD.,1590,4.79,Free,1466734547,addx.ai.vicoo,https://apps.apple.com/gb/app/vicohome-smart-home-camera/id1466734547
Utilities,60,Clean Up Phone Storage: CleanX,TAPSUITE YAZILIM HIZMETLERI ANONIM SIRKETI,1382,4.42,Free,1575903244,com.app.smart.cleaner.cleanx,https://apps.apple.com/gb/app/clean-up-phone-storage-cleanx/id1575903244
Utilities,61,Lens Scan: Identify Anything,EVEN EDGE DIJITAL HIZMETLER ANONIM SIRKETI,1231,4.6,Free,6560107458,com.identifai.production,https://apps.apple.com/gb/app/lens-scan-identify-anything/id6560107458
Utilities,62,Smart Security Camera App,On Hand Apps - FZCO,564,4.34,Free,6740097025,com.OnHandApps.smart-camera,https://apps.apple.com/gb/app/smart-security-camera-app/id6740097025
Utilities,64,Call.com: 2nd Phone Number,Call.Com Telecom Limited,216,4.51,Free,6445892075,app.call.com,https://apps.apple.com/gb/app/call-com-2nd-phone-number/id6445892075
Utilities,65,Print Master,PHOMEMO PTE. LTD.,1906,4.75,Free,1467113436,com.quyin.Printmaster,https://apps.apple.com/gb/app/print-master/id1467113436
Utilities,66,myCar: Car Widgets & Dashboard,KarmaTECH OU,568,4.3,Free,6755033589,com.dashcar.app,https://apps.apple.com/gb/app/mycar-car-widgets-dashboard/id6755033589
Utilities,72,OBDeleven VAG,OBDeleven UAB,2978,4.61,Free,1458334123,com.voltasit.obdeleven.ios,https://apps.apple.com/gb/app/obdeleven-vag/id1458334123
Utilities,84,‎The Tape Measure Арр,AppTitude Technologies OU,445,4.26,Free,1564249382,com.ar.room.planer.app,https://apps.apple.com/gb/app/the-tape-measure-%D0%B0%D1%80%D1%80/id1564249382
Utilities,87,RemoTV: Universal TV Remote,EpicScale Inc,721,4.41,Free,6461419341,com.axora.remotv,https://apps.apple.com/gb/app/remotv-universal-tv-remote/id6461419341
Utilities,88,Parental Control Kids360,MINDCARE LAB LTD,1398,4.41,Free,1596059191,app.kids360.ios.parent,https://apps.apple.com/gb/app/parental-control-kids360/id1596059191
Utilities,89,Love8 - App for Couples,"Chongqing Daole Er Technology Co., Ltd",497,4.58,Free,6448163027,ltd.love8.couples.relationship,https://apps.apple.com/gb/app/love8-app-for-couples/id6448163027
Utilities,91,Locate A Locum - Shift Manager,LOCUM MATCH LTD,777,3.26,Free,1239779099,com.locatealocum.locumapp,https://apps.apple.com/gb/app/locate-a-locum-shift-manager/id1239779099
Travel,4,Outdooractive. Hike and Ride,Outdooractive AG,2702,3.78,Free,1364846172,com.outdooractive.Outdooractive,https://apps.apple.com/gb/app/outdooractive-hike-and-ride/id1364846172
Travel,6,FlightDeck - Flight Tracker,JAC LLC,350,4.22,Free,6759628645,com.jaddar.SkyWatch,https://apps.apple.com/gb/app/flightdeck-flight-tracker/id6759628645
Travel,9,Country Days Tracker: Bounded,Wasl Apps LLC,374,4.5,Free,6758992473,com.waslapps.bounded,https://apps.apple.com/gb/app/country-days-tracker-bounded/id6758992473
Travel,15,park4night,AppMobilEdition,2402,4.73,Free,430946556,com.tramb.park4night,https://apps.apple.com/gb/app/park4night/id430946556
Travel,19,Rhyme - Itinerary Planner,LOGOS STUDIO INC.,1195,4.6,Free,6748781672,AI.ForThePlot,https://apps.apple.com/gb/app/rhyme-itinerary-planner/id6748781672
Travel,22,VoiceMap: Audio Tours & Guides,Audio Guide Pte. Ltd.,1546,4.86,Free,852027939,me.voicemap.ios,https://apps.apple.com/gb/app/voicemap-audio-tours-guides/id852027939
Travel,23,Schengen Simple,Roycroft Labs Ltd,2534,4.84,Free,1637045933,com.roycroft-labs.SchengenSimple,https://apps.apple.com/gb/app/schengen-simple/id1637045933
Travel,24,Cabbie's Mate,Knowledge Master UK Ltd,2281,4.57,Free,649858791,com.knowledgemasteruk.cabbiesmate2013,https://apps.apple.com/gb/app/cabbies-mate/id649858791
Travel,25,Step: Your World,Step Digital London Limited,651,4.6,Free,1474971037,com.stepyourworld.step,https://apps.apple.com/gb/app/step-your-world/id1474971037
Travel,26,"Couchsurfing: Stay, Meet, Host",CouchSurfing International Inc.,1498,4.32,Free,525642917,com.couchsurfing.CouchSurfing,https://apps.apple.com/gb/app/couchsurfing-stay-meet-host/id525642917
Travel,27,tripbff - travel friends,TRIPBFF LLC,936,4.61,Free,6450123749,com.tripbffllc.Travely,https://apps.apple.com/gb/app/tripbff-travel-friends/id6450123749
Travel,28,Flight Radar Airplane Tracker,Oleksandr Selivanov,380,4.61,Free,6471097370,flight.tracker.airplane.radar,https://apps.apple.com/gb/app/flight-radar-airplane-tracker/id6471097370
Travel,29,FlightSky: Live Plane Radar,OCEAN FLOAT MOBILE LIMITED,405,4.55,Free,6753592996,com.skytrack.flight.tracker,https://apps.apple.com/gb/app/flightsky-live-plane-radar/id6753592996
Travel,30,StayFree: Vanlife Wild Camping,StayFree GmbH,1230,4.69,Free,1439159740,com.stayfree.app,https://apps.apple.com/gb/app/stayfree-vanlife-wild-camping/id1439159740
Travel,32,RatePunk: Cheap Flight Planner,"YARD VENTURE, UAB",542,4.46,Free,1607823726,com.yardventure.ratepunk,https://apps.apple.com/gb/app/ratepunk-cheap-flight-planner/id1607823726
Travel,33,Been To - Track Your Places,Treefox AB,308,4.54,Free,6642704199,app.treefox.beento,https://apps.apple.com/gb/app/been-to-track-your-places/id6642704199
Travel,36,Timeshifter,Timeshifter Inc.,411,4.73,Free,1380684374,com.timeshifter.timeshifter,https://apps.apple.com/gb/app/timeshifter/id1380684374
Travel,38,AirNav Radar – Flight Tracker,AirNav Systems LLC,641,4.65,Free,1382868950,com.airnav.radarbox,https://apps.apple.com/gb/app/airnav-radar-flight-tracker/id1382868950
Travel,39,iWalk Cornwall,Working Edge Ltd,862,4.88,Free,739048330,uk.co.workingedge.iwalk.northcornwall,https://apps.apple.com/gb/app/iwalk-cornwall/id739048330
Travel,43,Campercontact - Camper Van,Campercontact B.V.,2912,4.69,Free,633972355,nl.nkc.campercontact,https://apps.apple.com/gb/app/campercontact-camper-van/id633972355
Travel,46,Tripsy: Travel Planner,Tripsy LLC,619,4.58,Free,1429967544,app.tripsy.ios,https://apps.apple.com/gb/app/tripsy-travel-planner/id1429967544
Travel,47,OsmAnd Maps Travel & Navigate,OsmAND B.V.,884,4.49,Free,934850257,net.osmand.maps,https://apps.apple.com/gb/app/osmand-maps-travel-navigate/id934850257
Travel,53,Brit Stops,"Harvest Hosts, LLC",1462,4.77,Free,1588268172,com.britstops.britstops,https://apps.apple.com/gb/app/brit-stops/id1588268172
Travel,54,Stippl: Trip & Travel Planner,Stippl B.V.,1555,4.75,Free,6443617088,com.stippl.stippl,https://apps.apple.com/gb/app/stippl-trip-travel-planner/id6443617088
Travel,57,GPSmyCity: Walks in 1K+ Cities,"GPSmyCity.com, Inc.",258,3.75,Free,417207307,com.gpsmycity.iwtmaster,https://apps.apple.com/gb/app/gpsmycity-walks-in-1k-cities/id417207307
Travel,60,TravelSpend: Travel Budget App,Ori App Studio GmbH,667,4.84,Free,1434284824,com.travel-spend.app,https://apps.apple.com/gb/app/travelspend-travel-budget-app/id1434284824
Travel,61,PeakFinder,PeakFinder GmbH,1412,4.77,£4.99,357421934,ch.peakfinder.peakfinder-alps,https://apps.apple.com/gb/app/peakfinder/id357421934
Travel,62,StaffTraveler,StaffTraveler Solutions B.V.,208,4.74,Free,1115912521,com.stafftraveler.webview,https://apps.apple.com/gb/app/stafftraveler/id1115912521
Travel,64,Pin Traveler: Track Travel Map,Pin Traveler LLC,1552,4.66,Free,1335839375,MehmetCanAlaca.Pin-Travel,https://apps.apple.com/gb/app/pin-traveler-track-travel-map/id1335839375
Travel,67,been: track visited countries,Prostachki Ltd,604,4.63,Free,1659477938,com.prostachki.beenmap,https://apps.apple.com/gb/app/been-track-visited-countries/id1659477938
Travel,71,WalkMe | Walking in Madeira,Marco Batista,204,4.5,Free,577067362,com.WalkMe,https://apps.apple.com/gb/app/walkme-walking-in-madeira/id577067362
Travel,74,Mapy.com: Maps Offline & GPS,Seznam.cz a.s.,1654,4.85,Free,411411020,cz.seznam.mapy,https://apps.apple.com/gb/app/mapy-com-maps-offline-gps/id411411020
Travel,77,Currency Converter - Offline,INVENTO ONE PRIVATE LIMITED,441,4.44,Free,6446201532,com.inventoapp.currencyconverter,https://apps.apple.com/gb/app/currency-converter-offline/id6446201532
Travel,79,iTranslate Converse,Mosaic S.r.l.,504,3.93,Free,1241264761,com.itranslate.itranslateone,https://apps.apple.com/gb/app/itranslate-converse/id1241264761
Travel,83,SailTies: Logbook & Sailing CV,Sail Ties Ltd,304,4.83,Free,1507376381,net.sailties.ios,https://apps.apple.com/gb/app/sailties-logbook-sailing-cv/id1507376381
Travel,89,Ultra-Rapid EV Charging Map,WarthogLab,307,4.42,Free,6450622635,com.floriangabach.superchargers,https://apps.apple.com/gb/app/ultra-rapid-ev-charging-map/id6450622635
Travel,92,Skratch: Travel Map & eSIM,Zero Dawn Ltd,2180,4.68,Free,1457438876,com.zerodawn.skratch,https://apps.apple.com/gb/app/skratch-travel-map-esim/id1457438876
Travel,94,Questo: Walking Tours & Games,QUESTO GLOBAL SRL,280,4.62,Free,1216630504,com.questo.questoapp,https://apps.apple.com/gb/app/questo-walking-tours-games/id1216630504
Travel,95,180 Days: Schengen Calculator,Splinterware Ltd,865,4.81,Free,1663779128,com.splinterware.180days,https://apps.apple.com/gb/app/180-days-schengen-calculator/id1663779128
Travel,99,"WeTrek – Trail, Hike & Cycling",Ubicarta,501,4.5,Free,1454207995,com.ubicarta.ignrando,https://apps.apple.com/gb/app/wetrek-trail-hike-cycling/id1454207995
Sports,16,Golf GameBook: Scorecard & GPS,GameBook Oy,1692,4.71,Free,409307935,com.freedropinnovations.gamebookInter,https://apps.apple.com/gb/app/golf-gamebook-scorecard-gps/id409307935
Sports,17,Swing Coach - Golf,"Swing Intelligence, Inc.",634,4.84,Free,6739074629,com.swingintelligence.swingcoach,https://apps.apple.com/gb/app/swing-coach-golf/id6739074629
Sports,21,BD British Dressage TestPro,LION DOG APPS LIMITED,286,4.63,Free,1418062551,com.LionDogApps.Dressage-TestPro-BD,https://apps.apple.com/gb/app/bd-british-dressage-testpro/id1418062551
Sports,22,Dartsmind,Zaglab Limited,974,4.74,Free,1018594473,com.zaglab.biukr,https://apps.apple.com/gb/app/dartsmind/id1018594473
Sports,26,"VPAR Golf GPS, Scoring & Stats",VPAR Limited,355,3.98,Free,432332692,com.vpar-golf.vpar,https://apps.apple.com/gb/app/vpar-golf-gps-scoring-stats/id432332692
Sports,28,SwingVision: Tennis Pickleball,"SwingVision, Inc.",428,4.61,Free,989461317,com.Mangolytics.Swing,https://apps.apple.com/gb/app/swingvision-tennis-pickleball/id989461317
Sports,29,Futbology,Futbology AS,331,4.35,Free,489247406,com.kepermat.groundhopper,https://apps.apple.com/gb/app/futbology/id489247406
Sports,31,TheGrint: Golf Handicap,GRINT LLC,1199,4.75,Free,532085262,com.thegrint.grint,https://apps.apple.com/gb/app/thegrint-golf-handicap/id532085262
Sports,33,Cypography,Cypography Ltd,377,4.72,Free,1530596453,com.cypography.app,https://apps.apple.com/gb/app/cypography/id1530596453
Sports,34,igMember,ClearCourse Events & Leisure Limited,344,2.94,Free,1125323374,uk.co.intelligentgolf.igapp,https://apps.apple.com/gb/app/igmember/id1125323374
Sports,36,Onform: Video Analysis App,"OnForm, Inc.",1424,4.77,Free,1490334045,com.onform.onform,https://apps.apple.com/gb/app/onform-video-analysis-app/id1490334045
Sports,38,Manchester City Official App,Manchester City Football Club Limited,1243,4.27,Free,416127886,uk.co.mcfc.iphone,https://apps.apple.com/gb/app/manchester-city-official-app/id416127886
Sports,39,Fish Deeper - Fishing App,Deeper UAB,1093,4.65,Free,1483380086,eu.deeper.fishdeeper,https://apps.apple.com/gb/app/fish-deeper-fishing-app/id1483380086
Sports,40,Prematch: Real Football,PREMATCH Sports GmbH,1486,4.82,Free,1579841897,de.prematchapp,https://apps.apple.com/gb/app/prematch-real-football/id1579841897
Sports,41,CrossCountry 2,Equimaps Pty Ltd,1639,4.85,Free,1444718643,com.crosscountryapp.mobile,https://apps.apple.com/gb/app/crosscountry-2/id1444718643
Sports,43,DartsOn: Darts Scoreboard,RSApps Nordics OU,335,4.69,Free,6749278824,eu.rsapps.darts,https://apps.apple.com/gb/app/dartson-darts-scoreboard/id6749278824
Sports,48,"L’EQUIPE - live, sport, tv",L'Equipe 24/24,444,4.55,Free,318133983,fr.airweb.EFR,https://apps.apple.com/gb/app/lequipe-live-sport-tv/id318133983
Sports,49,SuperLeague+,The Rugby Football League Limited,318,4.56,Free,6475691660,com.rlcplus.app,https://apps.apple.com/gb/app/superleague/id6475691660
Sports,52,Scuba Diving Computer Oceanic+,"Huish Outdoors, LLC",702,4.18,Free,1610517133,com.huishoutdoors.oceanic,https://apps.apple.com/gb/app/scuba-diving-computer-oceanic/id1610517133
Sports,53,REFSIX - Football Referee app,REFSIX Ltd,276,4.56,Free,1235649461,com.refsix,https://apps.apple.com/gb/app/refsix-football-referee-app/id1235649461
Sports,58,FantasyPros - Fantasy Advice,Marzen Media LLC,618,4.81,Free,1141119371,com.fantasypros.mpb-nfl-2016,https://apps.apple.com/gb/app/fantasypros-fantasy-advice/id1141119371
Sports,60,TAG Heuer Golf - GPS & 3D Maps,LVMH Swiss Manufactures SA,2549,4.73,Free,1449021143,com.tagheuer.golf,https://apps.apple.com/gb/app/tag-heuer-golf-gps-3d-maps/id1449021143
Sports,62,Fishbrain - Fishing App,FishBrain AB,913,4.65,Free,477967747,com.fishbrain.app,https://apps.apple.com/gb/app/fishbrain-fishing-app/id477967747
Sports,63,MotoGP™,"MOTOGP SPORTS ENTERTAINMENT GROUP, S.L.",1074,3.89,Free,1157573265,com.dorna.officialMotoGP,https://apps.apple.com/gb/app/motogp/id1157573265
Sports,66,Golf Pad GPS Range Finder,Contorra LLC,2332,4.74,Free,446320556,com.contorra.Golf-Pad,https://apps.apple.com/gb/app/golf-pad-gps-range-finder/id446320556
Sports,68,PTV Sports - World Cup Live,MD EMAM HOSSAIN,2064,4.53,Free,6471012977,com.ptv.livecricket,https://apps.apple.com/gb/app/ptv-sports-world-cup-live/id6471012977
Sports,71,Fulltrack AI,AI MAIDEN INC,203,4.67,Free,1568524044,ai.fulltrack,https://apps.apple.com/gb/app/fulltrack-ai/id1568524044
Sports,75,Rally Tripmeter,AppHero OU,261,4.67,Free,1063654075,com.RallyTripMeter.ios,https://apps.apple.com/gb/app/rally-tripmeter/id1063654075
Sports,77,BeActiveTV: Treningi w domu,Bebio sp. z o.o.,387,4.52,Free,1549817661,pl.bebio.beactive,https://apps.apple.com/gb/app/beactivetv-treningi-w-domu/id1549817661
Sports,84,Ultimate Rugby,Ultimate Rugby Limited,933,2.15,Free,565995979,com.ultimaterugby.ios,https://apps.apple.com/gb/app/ultimate-rugby/id565995979
Sports,86,Shot Pattern - Golf GPS,Undaunted Athlete LLC,329,4.75,Free,6447127454,com.undauntedathlete.ShotPattern,https://apps.apple.com/gb/app/shot-pattern-golf-gps/id6447127454
Sports,87,Leghe Fantacalcio® Serie A,Fantacalcio srl,369,4.46,Free,977629806,it.quadronica.leghe,https://apps.apple.com/gb/app/leghe-fantacalcio-serie-a/id977629806
Sports,88,Padel Mates,Padel Mates International AB,1325,4.5,Free,1531797995,com.padelmates,https://apps.apple.com/gb/app/padel-mates/id1531797995
Sports,95,FC Barcelona Official App,FC Barcelona,1289,4.76,Free,343196080,cat.fcbarcelona.FCBMobile,https://apps.apple.com/gb/app/fc-barcelona-official-app/id343196080
Sports,96,LFC Echo,Trinity Mirror Digital Media Ltd,2016,4.7,Free,1255495425,com.tmg.digital.lfcecho,https://apps.apple.com/gb/app/lfc-echo/id1255495425
Sports,97,The Official Liverpool FC App,Liverpool Football Club and Athletic Grounds LTD,1013,3.87,Free,332227346,liverpoolfc.lfcmnc,https://apps.apple.com/gb/app/the-official-liverpool-fc-app/id332227346
Sports,99,Sportsbox 3D Golf,SPORTSBOX.AI INC.,722,4.83,Free,1578921026,SportsboxGolf.sportsbox.com,https://apps.apple.com/gb/app/sportsbox-3d-golf/id1578921026
Social Networking,9,"Clapper: Video, Live, Chat",CLAPPER MEDIA GROUP INC.,2227,4.42,Free,1522122685,com.newsclapper.video,https://apps.apple.com/gb/app/clapper-video-live-chat/id1522122685
Social Networking,15,TopLive: Watch Live Streams,Aligosta Limited,2549,4.54,Free,1598551382,com.toplive.chat,https://apps.apple.com/gb/app/toplive-watch-live-streams/id1598551382
Social Networking,29,bubble for JYPnation,"Dear U Co., Ltd.",285,3.79,Free,1538372244,com.dearu.bubble.jyp,https://apps.apple.com/gb/app/bubble-for-jypnation/id1538372244
Social Networking,31,Aspect: AI-Only Social Media,"Arch Platforms, Inc.",1429,4.3,Free,6502742786,xyz.aspectapp.aspect,https://apps.apple.com/gb/app/aspect-ai-only-social-media/id6502742786
Social Networking,35,"ChatSpace - Chat, Talk & Fun",Coshi B.V.,659,4.44,Free,6443834097,com.apps.coshi.chatspace,https://apps.apple.com/gb/app/chatspace-chat-talk-fun/id6443834097
Social Networking,38,Gaze - The Live Video Chat App,Vlmedia Yazilim Tanitim Bilisim Danismanlik Ic Ve Dis Ticaret Anonim Sirketi,1954,4.37,Free,1506577189,video.chat.gaze,https://apps.apple.com/gb/app/gaze-the-live-video-chat-app/id1506577189
Social Networking,41,"LiveMe - Live Stream, Go live","KS Mobile, Inc.",1637,3.73,Free,1089836344,com.cmcm.live,https://apps.apple.com/gb/app/liveme-live-stream-go-live/id1089836344
Social Networking,43,Amore: Live Video Chat & Call,NSI INTERNET SERVIS HIZMETLERI BILGISAYAR ELEKTRONIK ITHALAT IHRACAT TICARET LTD STI,453,4.61,Free,6569249182,com.nodelabs.dating,https://apps.apple.com/gb/app/amore-live-video-chat-call/id6569249182
Social Networking,45,Waplog - Dating & Video Call,Vlmedia Yazilim Tanitim Bilisim Danismanlik Ic Ve Dis Ticaret Anonim Sirketi,1506,4.47,Free,557997762,com.waplog,https://apps.apple.com/gb/app/waplog-dating-video-call/id557997762
Social Networking,46,Muddy Matches,Muddy Matches Ltd,852,4.34,Free,1621060181,com.muddymatches,https://apps.apple.com/gb/app/muddy-matches/id1621060181
Social Networking,49,Dating.com: Global Chat & Date,Kreova Tech Llc,2074,3.33,Free,945614824,com.eurodate.ios,https://apps.apple.com/gb/app/dating-com-global-chat-date/id945614824
Social Networking,53,Poppo Live - Live Stream,Vshow PTE. LTD.,286,4.08,Free,1544908797,com.baitu.poppo,https://apps.apple.com/gb/app/poppo-live-live-stream/id1544908797
Social Networking,59,Recon - Gay Fetish App,T101 Ltd,278,2.25,Free,346152901,com.recon.mobile,https://apps.apple.com/gb/app/recon-gay-fetish-app/id346152901
Social Networking,64,Justlo - Find Friends & Chat,Justlin ltd.,554,4.55,Free,1171058213,com.mazomedia.justlo,https://apps.apple.com/gb/app/justlo-find-friends-chat/id1171058213
Social Networking,68,Gleeden,Blackdivine Llc,381,4.17,Free,521820547,com.blackdivine.gleeden,https://apps.apple.com/gb/app/gleeden/id521820547
Social Networking,71,BLK: Black Singles Dating App,"Affinity Apps, LLC",1285,4.46,Free,1253586891,com.affinityapps.blk,https://apps.apple.com/gb/app/blk-black-singles-dating-app/id1253586891
Social Networking,77,Unifi: Your Uni Community,Unifi App Limited,436,3.38,Free,1418912549,com.unifi.unifi,https://apps.apple.com/gb/app/unifi-your-uni-community/id1418912549
Social Networking,78,Reports for Followers Insights,FAMEDMOBILE MARKET LIMITED,338,4.53,Free,1485509764,com.instory.reports,https://apps.apple.com/gb/app/reports-for-followers-insights/id1485509764
Social Networking,79,Знакомства на русском. RusDate,DABLTECH LTD,861,4.36,Free,1121784385,net.rusdate.ios,https://apps.apple.com/gb/app/%D0%B7%D0%BD%D0%B0%D0%BA%D0%BE%D0%BC%D1%81%D1%82%D0%B2%D0%B0-%D0%BD%D0%B0-%D1%80%D1%83%D1%81%D1%81%D0%BA%D0%BE%D0%BC-rusdate/id1121784385
Social Networking,85,ClearTok: Repost Remover,DATA-TRACES LLC,639,4.71,Free,6758125008,com.datatraces.cleartok,https://apps.apple.com/gb/app/cleartok-repost-remover/id6758125008
Social Networking,86,知乎,"Beijing Zhizhetianxia Technology Co., Ltd.",2555,4.64,Free,432274380,com.zhihu.ios,https://apps.apple.com/gb/app/%E7%9F%A5%E4%B9%8E/id432274380
Social Networking,87,PinaLove Filipina Dating,Oxixo Private Ltd,999,4.49,Free,1053300187,com.pinalove.app,https://apps.apple.com/gb/app/pinalove-filipina-dating/id1053300187
Social Networking,90,LINE,LY Corporation,1905,2.68,Free,443904275,jp.naver.line,https://apps.apple.com/gb/app/line/id443904275
Social Networking,92,Badoo Premium,Badoo Software Ltd,489,4.23,£2.99,403684733,com.badoo.BadooSPP,https://apps.apple.com/gb/app/badoo-premium/id403684733
Social Networking,97,KeepCalling International,"Miron Enterprises, LLC",2382,4.52,Free,518708790,com.keepcalling.KeepCalling,https://apps.apple.com/gb/app/keepcalling-international/id518708790
Social Networking,98,"Coco -Live Stream, Go Live",Newell Communications LLC,1086,4.23,Free,1435758172,com.live.juicy,https://apps.apple.com/gb/app/coco-live-stream-go-live/id1435758172
Reference,3,CCN: TCG & Collectible Alerts,Crep Chief Notify LTD,353,4.14,Free,1609983545,com.crepchiefnotify.iosapp,https://apps.apple.com/gb/app/ccn-tcg-collectible-alerts/id1609983545
Reference,5,CoinIn: Coin Snap Identifier,Vortemol Limited,2969,4.64,Free,1672111368,com.coininapp,https://apps.apple.com/gb/app/coinin-coin-snap-identifier/id1672111368
Reference,6,Translate AI - Translator,HEYOS YAZILIM HIZMETLERI TICARET LIMITED SIRKETI,796,4.24,Free,6738304985,co.appnation.aivoicetranslator,https://apps.apple.com/gb/app/translate-ai-translator/id6738304985
Reference,7,Live Translator-AI Translate,DigitalSail (HK) Limited,875,4.48,Free,6740606431,com.redbridge.translate.ai,https://apps.apple.com/gb/app/live-translator-ai-translate/id6740606431
Reference,8,TCG Card Scanner - FoilSnap,Next Vision Limited,1298,4.68,Free,6752642525,com.tcgworth.identifier,https://apps.apple.com/gb/app/tcg-card-scanner-foilsnap/id6752642525
Reference,10,HoloDex - TCG Scan & Collect,MAVELLI  - FZCO,2598,4.8,Free,6747442689,com.getholodex.app,https://apps.apple.com/gb/app/holodex-tcg-scan-collect/id6747442689
Reference,11,Pocket Sergeant - Police Guide,Paul Cooper,2720,4.67,Free,902491237,co.uk.sockmonkeystudios.pocketsgt,https://apps.apple.com/gb/app/pocket-sergeant-police-guide/id902491237
Reference,14,ReelTrends - AI Creator Tools,"ForUsApps, LLC",2885,4.69,Free,1612492046,com.forusapps.ReelTrends,https://apps.apple.com/gb/app/reeltrends-ai-creator-tools/id1612492046
Reference,21,Simran: Daily Sikh Practice,FocusPledge LLC,643,4.73,Free,6751179344,com.focuspledge.simranapp,https://apps.apple.com/gb/app/simran-daily-sikh-practice/id6751179344
Reference,23,BibleScroll: Christian Focus,Screen Detox Inc,465,4.83,Free,6755406222,com.bepresentapp.BibleScroll,https://apps.apple.com/gb/app/biblescroll-christian-focus/id6755406222
Reference,25,WBuilds for Building Guide,Sagar Khurana,1259,4.62,Free,6755657280,com.indiecreatorluck.minecraftbuild,https://apps.apple.com/gb/app/wbuilds-for-building-guide/id6755657280
Reference,27,Dex - for TCG Collectors,Pedro Carrasco,1986,4.8,Free,1555489854,pedrommcarrasco.Dex,https://apps.apple.com/gb/app/dex-for-tcg-collectors/id1555489854
Reference,28,WoodSense: Craft & Identifier,Next Vision Limited,1000,4.71,Free,6754165620,com.woodworking.identifier,https://apps.apple.com/gb/app/woodsense-craft-identifier/id6754165620
Reference,29,网易有道词典-10亿人的AI查词翻译助手,"Beijing NetEase Youdao Computer System Co.,Ltd",1538,4.6,Free,353115739,youdaoPro,https://apps.apple.com/gb/app/%E7%BD%91%E6%98%93%E6%9C%89%E9%81%93%E8%AF%8D%E5%85%B8-10%E4%BA%BF%E4%BA%BA%E7%9A%84ai%E6%9F%A5%E8%AF%8D%E7%BF%BB%E8%AF%91%E5%8A%A9%E6%89%8B/id353115739
Reference,32,Ascension: Catholic Bible,"Ascension Publishing Group, LLC",1157,4.92,Free,1660909501,com.ascension.app,https://apps.apple.com/gb/app/ascension-catholic-bible/id1660909501
Reference,33,AntiqSnap: Antique Identifier,Next Vision Limited,1120,4.57,Free,6752929120,com.antiqueworth.identifier,https://apps.apple.com/gb/app/antiqsnap-antique-identifier/id6752929120
Reference,35,Duomo: Daily Prayer & Bible,DUOMO APP LIMITED,475,4.63,Free,6736357076,com.duomoapp.project,https://apps.apple.com/gb/app/duomo-daily-prayer-bible/id6736357076
Reference,36,VinylSnap: Scan & Value Record,Next Vision Limited,653,4.64,Free,6748595105,com.vinylsnap.recordscanner,https://apps.apple.com/gb/app/vinylsnap-scan-value-record/id6748595105
Reference,41,Lens AI & Identifier・EveryScan,Conlan Limited,304,4.05,Free,1663862037,com.aiscanner.app,https://apps.apple.com/gb/app/lens-ai-identifier-everyscan/id1663862037
Reference,46,Heritage: Ancestry & Ethnicity,DENALI DIGITAL BILISIM LIMITED SIRKETI,296,4.34,Free,6759910369,com.denalidigital.heritage,https://apps.apple.com/gb/app/heritage-ancestry-ethnicity/id6759910369
Reference,47,Quran Widgets: Verses & Duas,Cloud Studios Teknoloji Yatirim Anonim Sirketi,1822,4.84,Free,6758387571,com.cloud.quranwidget,https://apps.apple.com/gb/app/quran-widgets-verses-duas/id6758387571
Reference,48,Talk & Translate AI Translator,"MobiSystems, Inc.",1968,4.37,Free,1102728735,com.mobisystems.MSTranslator,https://apps.apple.com/gb/app/talk-translate-ai-translator/id1102728735
Reference,50,Creed: Bible Chat & Companion,"Lemon Tree Labs, Inc.",875,4.83,Free,6747326744,com.damirakyan.creed,https://apps.apple.com/gb/app/creed-bible-chat-companion/id6747326744
Reference,51,Reverso Context Translator,Theo Hoffenberg,759,4.65,Free,919979642,com.softissimo.ReversoContext,https://apps.apple.com/gb/app/reverso-context-translator/id919979642
Reference,53,Sewpal: Sewing Pattern & Guide,PIXELCELL PTE. LIMITED,919,4.73,Free,6754315885,com.sewpal.sewing,https://apps.apple.com/gb/app/sewpal-sewing-pattern-guide/id6754315885
Reference,54,PlantAI: Identifier & Diagnose,Glority Global Group Ltd.,1050,4.6,Free,1664437810,com.ask.my.botanist,https://apps.apple.com/gb/app/plantai-identifier-diagnose/id1664437810
Reference,55,Just Pray: Track Muslim Prayer,Ihsan Studios FZ-LLC,1915,4.82,Free,6747154163,com.justprayapp.justpray,https://apps.apple.com/gb/app/just-pray-track-muslim-prayer/id6747154163
Reference,56,Bird Song Identifier UK Sound,Nhu Nguyen Thi,2578,4.59,Free,6449354786,com.nhu.bird.song.ai,https://apps.apple.com/gb/app/bird-song-identifier-uk-sound/id6449354786
Reference,57,AR Translator: Translate Photo,BrainMount Ltd,478,4.71,Free,1465903782,com.inversemetric.artranslator,https://apps.apple.com/gb/app/ar-translator-translate-photo/id1465903782
Reference,59,Acorn TCG Card Scanner App,Juanjo Valino,2959,4.73,Free,6740246597,com.jjvalino.Acorn,https://apps.apple.com/gb/app/acorn-tcg-card-scanner-app/id6740246597
Reference,60,"PriceCharting: TCG, Games+",PriceCharting LLC,1224,4.82,Free,6452190948,com.vgpc.PriceCharting,https://apps.apple.com/gb/app/pricecharting-tcg-games/id6452190948
Reference,62,Bible Note: Sermon Notes,Note AI Pte. Ltd.,514,4.74,Free,6743159952,com.topmuse.biblenote,https://apps.apple.com/gb/app/bible-note-sermon-notes/id6743159952
Reference,63,Brickify: Collection Tracker,Brickify LLC,346,4.47,Free,6758356210,app.brickifyllc.brickify,https://apps.apple.com/gb/app/brickify-collection-tracker/id6758356210
Reference,64,Telegram Channel & Group Hub,Stepa Mobile FZE LLC,253,4.25,Free,6474308183,com.stepamobile.ios-telegram,https://apps.apple.com/gb/app/telegram-channel-group-hub/id6474308183
Reference,66,Curio - Antique Identifier,"Dionysus Labs, LLC",435,4.77,Free,6520380757,com.dionysus-labs.antiqueid,https://apps.apple.com/gb/app/curio-antique-identifier/id6520380757
Reference,70,Lens AI: Identify Anything,XLABS DIJITAL HIZMETLER ANONIM SIRKETI,310,4.05,Free,6742785176,com.lens.ai.app,https://apps.apple.com/gb/app/lens-ai-identify-anything/id6742785176
Reference,71,Bible Path: Prayers & Widgets,DEEP FLOW SOFTWARE SERVICES - FZCO,976,4.71,Free,6504798650,com.visionwizard.holybible,https://apps.apple.com/gb/app/bible-path-prayers-widgets/id6504798650
Reference,76,Dwell: Audio Bible,"Dwell App, LLC",1983,4.86,Free,1343917374,io.dwellapp.dwell,https://apps.apple.com/gb/app/dwell-audio-bible/id1343917374
Reference,78,PhilSnap: Stamp ID & Values,Next Vision Limited,221,4.44,Free,6752372987,com.stampsnap.identifier,https://apps.apple.com/gb/app/philsnap-stamp-id-values/id6752372987
Reference,81,Shiny: Card Value Scanner,Shiny Cardboard LLC,409,4.82,Free,6593663349,io.getshiny.shiny,https://apps.apple.com/gb/app/shiny-card-value-scanner/id6593663349
Reference,83,Bible Widget for Women: Divine,Elven Studios Ltd,336,4.81,Free,6759541518,com.divinewidgets.app,https://apps.apple.com/gb/app/bible-widget-for-women-divine/id6759541518
Reference,84,AirAssist Radar,Ernst Mulders,761,4.73,Free,1497325355,app.lifeliner,https://apps.apple.com/gb/app/airassist-radar/id1497325355
Reference,94,Ayatique: Quran Stories,Apps Market FZE,351,3.46,Free,6740481012,com.ayatique.ayatique,https://apps.apple.com/gb/app/ayatique-quran-stories/id6740481012
Reference,97,Translate your Voice - Talk AI,MWM,306,4.4,Free,6476104118,com.mwm.talkai,https://apps.apple.com/gb/app/translate-your-voice-talk-ai/id6476104118
Reference,98,BeBlessedMe,Prototipo FZE LLC,507,3.27,Free,6480235250,me.beblessed.beblessed,https://apps.apple.com/gb/app/beblessedme/id6480235250
Reference,100,Quranify: Quran Audio Player,Dastan Makhutov,669,4.77,Free,6756227351,com.mchutov.Quranify,https://apps.apple.com/gb/app/quranify-quran-audio-player/id6756227351
Productivity,10,Plaud: AI Note Taker,PLAUD LLC,2192,4.79,Free,6450364080,ai.plaud.ios.plaud,https://apps.apple.com/gb/app/plaud-ai-note-taker/id6450364080
Productivity,18,Word Office:Edit Word Document,Rhophi Analytics LLP,2410,4.63,Free,6444708069,com.a1office.docx.editor,https://apps.apple.com/gb/app/word-office-edit-word-document/id6444708069
Productivity,28,Wispr Flow: AI Voice Keyboard,Wispr AI INC,2443,4.8,Free,6497229487,com.wispr.flowapp,https://apps.apple.com/gb/app/wispr-flow-ai-voice-keyboard/id6497229487
Productivity,30,Grok Bot,TWITTER INTERNATIONAL UNLIMITED COMPANY,540,4.83,Free,6794501026,co.anysphere.sand,https://apps.apple.com/gb/app/grok-bot/id6794501026
Productivity,34,Goldie: Appointment Scheduling,QUARTET HOLDCO S.R.L.,2442,4.82,Free,1068911190,com.appointfix.Appointfix,https://apps.apple.com/gb/app/goldie-appointment-scheduling/id1068911190
Productivity,37,Lovable: Build Apps With AI,Lovable Labs Incorporated,476,4.85,Free,6757471107,dev.lovable.build,https://apps.apple.com/gb/app/lovable-build-apps-with-ai/id6757471107
Productivity,51,SocialLite-Block Reels&Shorts,Sociallite LLC,1618,4.73,Free,6757661674,social.Social-lite,https://apps.apple.com/gb/app/sociallite-block-reels-shorts/id6757661674
Productivity,52,Google One,Google LLC,1108,4.6,Free,1451784328,com.google.one,https://apps.apple.com/gb/app/google-one/id1451784328
Productivity,53,AppClose,AppClose Inc,2743,4.65,Free,1019290876,com.appclose.appclose,https://apps.apple.com/gb/app/appclose/id1019290876
Productivity,54,Authenticator Ⓡ App,MATECHMOBILE SOFTWARE JOINT STOCK COMPANY,1177,4.14,Free,6480253221,com.security.authenticator2fa,https://apps.apple.com/gb/app/authenticator-app/id6480253221
Productivity,59,Word Editor: Edit Office Word,RHOPHI ANALYTICS FZCO,548,4.64,Free,6736898512,com.rho.A1-Document-Editor,https://apps.apple.com/gb/app/word-editor-edit-office-word/id6736898512
Productivity,60,MobiPDF・PDF Editor・Reader・Sign,"MobiSystems, Inc.",2564,4.76,Free,1527395366,com.mobisystems.PDFExtra,https://apps.apple.com/gb/app/mobipdf-pdf-editor-reader-sign/id1527395366
Productivity,62,Super VPN Proxy Master - VeePN,Veepn Corp,832,4.53,Free,1246703610,com.veepn.open,https://apps.apple.com/gb/app/super-vpn-proxy-master-veepn/id1246703610
Productivity,65,OurFamilyWizard Co-Parent App,"OurFamilyWizard, LLC",1593,4.4,Free,497405393,com.ourfamilywizard.ofwapp,https://apps.apple.com/gb/app/ourfamilywizard-co-parent-app/id497405393
Productivity,66,Chatbot App: AI Assistant,TAPSUITE YAZILIM HIZMETLERI ANONIM SIRKETI,337,3.83,Free,6711347033,ai.app.ai,https://apps.apple.com/gb/app/chatbot-app-ai-assistant/id6711347033
Productivity,67,Quillbot: Gen AI Writing Tool,"QuillBot, a Learneo Inc. business",1240,4.74,Free,6463116243,com.quillbot.app,https://apps.apple.com/gb/app/quillbot-gen-ai-writing-tool/id6463116243
Productivity,70,BimmerLink,SG Software GmbH & Co. KG,1988,4.62,Free,1065360416,com.stephangauch.BimmerDash,https://apps.apple.com/gb/app/bimmerlink/id1065360416
Productivity,74,Chatbot AI Assistant ChatPrime,Wowoo Dijital Hizmetler Limited Sirketi,715,4.55,Free,6749363102,com.wowoo.chatbot.app,https://apps.apple.com/gb/app/chatbot-ai-assistant-chatprime/id6749363102
Productivity,75,Minutes: AI Meeting Note Taker,"Minutes AI, LLC",2294,4.83,Free,6504206467,ventures.slam.minutes,https://apps.apple.com/gb/app/minutes-ai-meeting-note-taker/id6504206467
Productivity,77,Cue: AI Note Taker & Recorder,44pixels Limited,511,4.41,Free,6741517781,ai.44px.voices,https://apps.apple.com/gb/app/cue-ai-note-taker-recorder/id6741517781
Productivity,82,F-Secure FREEDOME VPN,F-Secure Corporation,1052,4.33,Free,771791010,com.f-secure.freedome,https://apps.apple.com/gb/app/f-secure-freedome-vpn/id771791010
Productivity,88,SignNow: e-Signature app,"airSlate, Inc.",1377,4.29,Free,489262811,com.signnow.signnow,https://apps.apple.com/gb/app/signnow-e-signature-app/id489262811
Productivity,90,SpeakApp AI: Voice Notes,VoicePop Inc.,1515,4.55,Free,6468764490,com.voicepop.lab,https://apps.apple.com/gb/app/speakapp-ai-voice-notes/id6468764490
Productivity,95,AI Chatbot & Design Assistant,SEVEN SEAS LINK PTE. LTD.,701,4.4,Free,6743953410,com.ai.chatbot.image.app.voicer,https://apps.apple.com/gb/app/ai-chatbot-design-assistant/id6743953410
Productivity,96,LectMate: 有道留学听课宝,Youdao Hong Kong Limited,727,4.79,Free,6459829488,com.talentme.classtranslate,https://apps.apple.com/gb/app/lectmate-%E6%9C%89%E9%81%93%E7%95%99%E5%AD%A6%E5%90%AC%E8%AF%BE%E5%AE%9D/id6459829488
Productivity,98,Super Fast VPN・Unlimited Proxy,Wool heaven s.r.o.,266,4.15,Free,6745890037,com.icevpn.wifisecurity,https://apps.apple.com/gb/app/super-fast-vpn-unlimited-proxy/id6745890037
Productivity,100,TeraBox: 1TB Cloud & AI Space,FLEXTECH INC.,2509,4.07,Free,1509453185,com.dubox.drive,https://apps.apple.com/gb/app/terabox-1tb-cloud-ai-space/id1509453185
Photo & Video,13,Runway: AI Image & Video,"Runway AI, Inc.",1798,4.27,Free,1665024375,com.runwayml.mobiletest,https://apps.apple.com/gb/app/runway-ai-image-video/id1665024375
Photo & Video,14,Shots: Photo & Video Generator,Deepix AI Yazilim Teknolojileri Anonim Sirketi,940,4.24,Free,6745820631,com.deepix.animefypic,https://apps.apple.com/gb/app/shots-photo-video-generator/id6745820631
Photo & Video,24,Retake AI: Face & Photo Editor,DEEP FLOW SOFTWARE SERVICES - FZCO,2670,4.45,Free,6466298983,com.codespaceapps.you,https://apps.apple.com/gb/app/retake-ai-face-photo-editor/id6466298983
Photo & Video,32,Skylight App,Glimpse LLC.,643,4.72,Free,1438779037,com.skylightframe.mobile,https://apps.apple.com/gb/app/skylight-app/id1438779037
Photo & Video,35,Esti: Vintage Camera Filters,Prequel Inc.,1762,4.58,Free,6457366208,com.prequelapp.esti,https://apps.apple.com/gb/app/esti-vintage-camera-filters/id6457366208
Photo & Video,36,Tezza: Aesthetic Photo Editor,Tezza App LLC,2415,4.72,Free,1393061654,com.tezzanyc.Tezza,https://apps.apple.com/gb/app/tezza-aesthetic-photo-editor/id1393061654
Photo & Video,39,AI Video Generator - HeyGen,HeyGen Technology Inc.,2815,4.72,Free,6711356409,com.heygen.mobile,https://apps.apple.com/gb/app/ai-video-generator-heygen/id6711356409
Photo & Video,41,Vimeo,"Vimeo.com, Inc.",1287,4.19,Free,425194759,com.vimeo,https://apps.apple.com/gb/app/vimeo/id425194759
Photo & Video,44,Dance AI - Video Generator,Deepix AI Yazilim Teknolojileri Anonim Sirketi,1343,4.34,Free,6758041184,com.deepix.danceai,https://apps.apple.com/gb/app/dance-ai-video-generator/id6758041184
Photo & Video,47,Insta360,Istone Innovation Limited,1571,4.18,Free,1491299654,com.insta360.oner,https://apps.apple.com/gb/app/insta360/id1491299654
Photo & Video,53,Photo Organiser: Picnic,MWM,2428,4.71,Free,6450713784,ventures.picnic.phoenix,https://apps.apple.com/gb/app/photo-organiser-picnic/id6450713784
Photo & Video,55,Muse: Reels Video Editor,Bigrowth OU,464,4.47,Free,1638320348,com.bigrowth.templates,https://apps.apple.com/gb/app/muse-reels-video-editor/id1638320348
Photo & Video,56,PrettyUp - Body Editor Video,Pixl Concerto Technology Limited,1612,4.51,Free,1544211932,com.floatcamellia.prettyup,https://apps.apple.com/gb/app/prettyup-body-editor-video/id1544211932
Photo & Video,60,OpusClip - AI video clipping,Opusclip Inc.,696,4.78,Free,6743615403,pro.opus.clip,https://apps.apple.com/gb/app/opusclip-ai-video-clipping/id6743615403
Photo & Video,64,Reel Maker for Instagram・BEAT,Onelight Apps CY Ltd,2512,4.7,Free,6443517019,reels-maker-one,https://apps.apple.com/gb/app/reel-maker-for-instagram-beat/id6443517019
Photo & Video,67,"AI Photo Video Editor, Enhance",COOL SUMMER LIMITED,1984,4.33,Free,6447604690,ai.photo.enhancer.colorize.clear,https://apps.apple.com/gb/app/ai-photo-video-editor-enhance/id6447604690
Photo & Video,72,Leica LUX - Pro Manual Camera,Leica Camera AG,1595,4.75,Free,6477182657,com.leica-camera.camera,https://apps.apple.com/gb/app/leica-lux-pro-manual-camera/id6477182657
Photo & Video,75,ReelMe: AI Photo & Video,TPC INVEST PTE. LTD.,305,4.21,Free,6745781406,nami.ai.video.generator,https://apps.apple.com/gb/app/reelme-ai-photo-video/id6745781406
Photo & Video,77,"EseeCloud(IP Pro, VR Cam)","Guangdong Juan Intelligent Technology Joint Stock Co., Ltd",817,3.95,Free,1032277907,EseeNetProj.juanvision.com,https://apps.apple.com/gb/app/eseecloud-ip-pro-vr-cam/id1032277907
Photo & Video,86,"AI Photo Editor, Remove Object",COOL SUMMER LIMITED,795,4.47,Free,6499191999,ai.photo.editor.eraser,https://apps.apple.com/gb/app/ai-photo-editor-remove-object/id6499191999
Photo & Video,91,Photo to Video: AI Video Maker,Joseph Works Limited,413,4.67,Free,6749887847,com.josephzhang.ImageToVideo,https://apps.apple.com/gb/app/photo-to-video-ai-video-maker/id6749887847
Photo & Video,92,Retouch Me: Face Editor & Tune,Good Retouch LP,2057,4.23,Free,830286763,com.isd.retouchme,https://apps.apple.com/gb/app/retouch-me-face-editor-tune/id830286763
Photo & Video,93,Movia AI: Photo to Video Maker,DEEP LINK META LIMITED,389,4.02,Free,6749524394,com.deeplink.movia,https://apps.apple.com/gb/app/movia-ai-photo-to-video-maker/id6749524394
Photo & Video,95,AI Catch: AI Video Generator,Prominent Fortune PTE. LTD,339,4.27,Free,6739276631,com.Prominent.AICatch,https://apps.apple.com/gb/app/ai-catch-ai-video-generator/id6739276631
Photo & Video,98,GIO: AI Headshot Generator Pro,Prequel Inc.,1848,4.2,Free,6449296449,com.prequelapp.ai-studio,https://apps.apple.com/gb/app/gio-ai-headshot-generator-pro/id6449296449
Photo & Video,99,Pollo AI: AI Video & Image,COCOSOFT TECHNOLOGY PTE. LTD.,1508,4.34,Free,6740024098,com.polllo.aivideo,https://apps.apple.com/gb/app/pollo-ai-ai-video-image/id6740024098
Photo & Video,100,Colourtone: Photo Editor,CEE ENTERPRISES PTY LTD,1714,4.09,Free,1383338239,com.colorpresets.colourtone,https://apps.apple.com/gb/app/colourtone-photo-editor/id1383338239
News,14,The New Yorker,Advance Magazine Publishers Inc.,406,3.12,Free,1081530898,com.condenet.newyorker.today,https://apps.apple.com/gb/app/the-new-yorker/id1081530898
News,16,"Le Monde, Live News",Societe Editrice du Monde,1584,4.65,Free,294047850,fr.lemonde.LeMonde,https://apps.apple.com/gb/app/le-monde-live-news/id294047850
News,21,Reuters - Breaking World News,Thomson Reuters Enterprise Centre GmbH,776,4.67,Free,602660809,com.thomsonreuters.Reuters,https://apps.apple.com/gb/app/reuters-breaking-world-news/id602660809
News,23,Kiki: Local Chat & People Near,RADEMADE TECHNOLOGIES OU,1053,4.34,Free,6499032288,com.rademade.kikihub,https://apps.apple.com/gb/app/kiki-local-chat-people-near/id6499032288
News,30,Belfast Telegraph News,Mediahuis UK Ltd,1288,4.67,Free,1229633020,com.belfast.telegraph,https://apps.apple.com/gb/app/belfast-telegraph-news/id1229633020
News,31,DER SPIEGEL - Nachrichten,DER SPIEGEL GmbH und Co. KG,679,4.34,Free,424881832,de.spiegel.spon,https://apps.apple.com/gb/app/der-spiegel-nachrichten/id424881832
News,32,Le Figaro Actualités en direct,Societe du Figaro,1570,4.62,Free,319557427,com.lefigaro.Figaro.fr,https://apps.apple.com/gb/app/le-figaro-actualit%C3%A9s-en-direct/id319557427
News,36,Narwhal for Reddit,"robot swingset, llc.",1192,4.42,Free,845422455,com.rickharrison.narwhal,https://apps.apple.com/gb/app/narwhal-for-reddit/id845422455
News,43,FT Digital Edition,Financial Times Ltd.,2678,4.71,Free,6449040684,com.ft.ft-epaper-ios,https://apps.apple.com/gb/app/ft-digital-edition/id6449040684
News,44,Irish Independent News,Mediahuis Ireland Ltd,567,4.66,Free,335158729,com.feedhenry.independent.news,https://apps.apple.com/gb/app/irish-independent-news/id335158729
News,47,Eastern Daily Press,Newsquest Media Group Limited,247,4,Free,505443199,com.archant.easterndailypress,https://apps.apple.com/gb/app/eastern-daily-press/id505443199
News,49,The Atlantic Magazine,The Atlantic Monthly Group LLC,1392,4.85,Free,397599894,com.rarewire.TheAtlanticNewstand,https://apps.apple.com/gb/app/the-atlantic-magazine/id397599894
News,52,The Irish News Digital Edition,the Irish News Ltd,575,4.7,Free,1019533643,it.dshare.theirishnews,https://apps.apple.com/gb/app/the-irish-news-digital-edition/id1019533643
News,53,F.A.Z. - Nachrichten,Frankfurter Allgemeine Zeitung GmbH,674,4.65,Free,375948652,net.faz.FAZ,https://apps.apple.com/gb/app/f-a-z-nachrichten/id375948652
News,54,The Local - News in English,The Local Europe AB,1099,4.66,Free,1078564301,com.thelocal,https://apps.apple.com/gb/app/the-local-news-in-english/id1078564301
News,58,Pocket Casts: Podcast Player,"Automattic, Inc.",2369,4.58,Free,414834813,au.com.shiftyjelly.podcasts,https://apps.apple.com/gb/app/pocket-casts-podcast-player/id414834813
News,60,"WYBORCZA: fakty, newsy, opinie",Wyborcza Sp. z o.o.,944,4.69,Free,530078918,pl.agora.AgoraReader,https://apps.apple.com/gb/app/wyborcza-fakty-newsy-opinie/id530078918
News,62,Jersey Evening Post,Jersey Evening Post Limited,484,4.42,Free,461425137,com.pagesuite.jerseyeveninpoststore,https://apps.apple.com/gb/app/jersey-evening-post/id461425137
News,64,Corriere della Sera - Online,RCS MediaGroup S.p.A.,230,4.43,Free,326634016,com.rcsdigital.corsera,https://apps.apple.com/gb/app/corriere-della-sera-online/id326634016
News,65,The Press and Journal Scotland,D C Thomson & Co Ltd,989,4.56,Free,1540976301,com.pagesuite.dctpressandjournal,https://apps.apple.com/gb/app/the-press-and-journal-scotland/id1540976301
News,71,Church Times,Hymns Ancient and Modern Ltd Apps,603,4.45,Free,938087502,com.hymsam.churchtimes,https://apps.apple.com/gb/app/church-times/id938087502
News,72,Daily Express Newspaper,Reach Shared Services Limited,1358,4.48,Free,1015437283,com.pagesuite.expressipad.new,https://apps.apple.com/gb/app/daily-express-newspaper/id1015437283
News,77,The Scotsman Newspaper,Iconic Media Group Limited,1780,4.34,Free,491137054,com.sctosman.jobs,https://apps.apple.com/gb/app/the-scotsman-newspaper/id491137054
News,83,The Yorkshire Post Newspaper,Iconic Media Group Limited,926,4.61,Free,497995505,com.johnston.yorkshirepost,https://apps.apple.com/gb/app/the-yorkshire-post-newspaper/id497995505
News,85,Aftonbladet Nyheter,Aftonbladet Hierta AB,367,4.3,Free,284962281,se.aftonbladet.Aftonbladet,https://apps.apple.com/gb/app/aftonbladet-nyheter/id284962281
News,87,Business Insider: News & more,"Insider, Inc.",2104,4.55,Free,554260576,com.businessinsider.iphone,https://apps.apple.com/gb/app/business-insider-news-more/id554260576
News,88,Nottingham Post,Trinity Mirror Digital Media Ltd,1456,4.42,Free,1322019846,com.mirror.NottinghamPost,https://apps.apple.com/gb/app/nottingham-post/id1322019846
News,91,Scientific American,"Springer Nature America, Inc.",647,4.7,Free,514734550,com.nature.scientificamerican,https://apps.apple.com/gb/app/scientific-american/id514734550
News,94,SZ Nachrichten,Sueddeutsche Zeitung Digitale Medien GmbH,227,4.65,Free,338711072,de.adesso.SZnewsreaderFree,https://apps.apple.com/gb/app/sz-nachrichten/id338711072
News,95,The Portsmouth News Newspaper,Iconic Media Group Limited,633,4.45,Free,555952987,com.johnston.portsmouthnews,https://apps.apple.com/gb/app/the-portsmouth-news-newspaper/id555952987
News,99,FT中文网 - 财经新闻与评论,Financial Times Ltd.,400,4.75,Free,443870811,com.ft.ftchinese.mobile,https://apps.apple.com/gb/app/ft%E4%B8%AD%E6%96%87%E7%BD%91-%E8%B4%A2%E7%BB%8F%E6%96%B0%E9%97%BB%E4%B8%8E%E8%AF%84%E8%AE%BA/id443870811
Navigation,3,Navionics® Boating,Garmin International,383,2.6,Free,744920098,com.navionics.SingleApp2013,https://apps.apple.com/gb/app/navionics-boating/id744920098
Navigation,7,Spoke Route Planner,Circuit Routing Limited,2682,4.68,Free,1198232244,com.underwoodapps.Circuit,https://apps.apple.com/gb/app/spoke-route-planner/id1198232244
Navigation,8,Delm8 Route Planner UK & Maps,Delmate LTD,1070,4.62,Free,1563254124,com.Delm8,https://apps.apple.com/gb/app/delm8-route-planner-uk-maps/id1563254124
Navigation,9,Trailforks: Offline Bike Maps,"Outside Interactive Canada, Inc",883,4.54,Free,987986743,com.pinkbike.trailforks,https://apps.apple.com/gb/app/trailforks-offline-bike-maps/id987986743
Navigation,10,DelM8 UK Address Finder,Delmate LTD,1907,4.69,Free,1429831779,com.v1technologies.delm8,https://apps.apple.com/gb/app/delm8-uk-address-finder/id1429831779
Navigation,13,CoPilot GPS Sat-Nav & Traffic,Trimble Maps Ltd.,1703,3.14,Free,504677517,com.alk.copilot9namapviewer,https://apps.apple.com/gb/app/copilot-gps-sat-nav-traffic/id504677517
Navigation,14,Savvy Navvy: Boat Navigation,SAVVY NAVVY LTD,2132,4.55,Free,1479182650,com.savvy.navvy.ios.app,https://apps.apple.com/gb/app/savvy-navvy-boat-navigation/id1479182650
Navigation,15,calimoto: Motorbike GPS Routes,calimoto GmbH,1746,4.66,Free,1209129603,com.calimoto.calimoto,https://apps.apple.com/gb/app/calimoto-motorbike-gps-routes/id1209129603
Navigation,18,MapXplorer: GPS Maps & Traffic,GOLDLAB APPLICATIONS YAZILIM VE BILISIM ANONIM SIRKETI,2226,4.47,Free,6463052823,com.offlinemaps.gps.map2023,https://apps.apple.com/gb/app/mapxplorer-gps-maps-traffic/id6463052823
Navigation,22,Randonautica,"Randonauts, LLC",2241,3.67,Free,1493743521,com.randonautica.app,https://apps.apple.com/gb/app/randonautica/id1493743521
Navigation,23,A Better Routeplanner (ABRP),Rivian Automotive LLC,1029,4.49,Free,1490860521,com.iternio.abrpapp,https://apps.apple.com/gb/app/a-better-routeplanner-abrp/id1490860521
Navigation,24,Gaia GPS: Mobile Trail Maps,"Trailbehind, INC.",364,4.57,Free,1201979492,com.trailbehind.GaiaGPS.ng,https://apps.apple.com/gb/app/gaia-gps-mobile-trail-maps/id1201979492
Navigation,25,RoadWarrior Route Planner,MapQuest Holdings LLC,353,4.33,Free,959621658,com.roadwarrior.ios,https://apps.apple.com/gb/app/roadwarrior-route-planner/id959621658
Navigation,26,Car Play Connect: Auto Sync,VALERY STAKARSKI,600,4.53,Free,6751472670,car.play.sync.hud,https://apps.apple.com/gb/app/car-play-connect-auto-sync/id6751472670
Navigation,29,Avenza Maps: Offline Mapping,Avenza Systems Inc.,1554,4.69,Free,388424049,com.avenza.avios,https://apps.apple.com/gb/app/avenza-maps-offline-mapping/id388424049
Navigation,31,HiiKER: The Hiking Maps App,Waymarked Trails LTD,1950,4.6,Free,1470810597,com.hiiker.hiiker,https://apps.apple.com/gb/app/hiiker-the-hiking-maps-app/id1470810597
Navigation,33,"Route Planner, AA, Maps, MyWay",Proalab Limited,629,4.79,Free,1557014712,com.proalab.routeoptimizer,https://apps.apple.com/gb/app/route-planner-aa-maps-myway/id1557014712
Navigation,35,Eurowag Navigation - Truck GPS,"W.A.G. payment solutions, a.s.",364,4.11,Free,6476389720,com.eurowag.navigation.prod,https://apps.apple.com/gb/app/eurowag-navigation-truck-gps/id6476389720
Navigation,36,Route4Me Route Planner,Route4Me Inc,1834,4.56,Free,349853799,com.route4me.route4me,https://apps.apple.com/gb/app/route4me-route-planner/id349853799
Navigation,37,Detecht - Motorcycle GPS App,Detecht Technologies AB,793,4.68,Free,1373032762,se.detecht,https://apps.apple.com/gb/app/detecht-motorcycle-gps-app/id1373032762
Navigation,38,Cardo Ride - Motorcycle App,RISER GmbH,841,4.56,Free,1087005682,com.riserapp.riser,https://apps.apple.com/gb/app/cardo-ride-motorcycle-app/id1087005682
Navigation,40,Find My Friends Phone - iMapp,Awared SLU,882,4.22,Free,886626229,com.unwite.onthemap,https://apps.apple.com/gb/app/find-my-friends-phone-imapp/id886626229
Navigation,43,Wheelz - Social Drive Tracker,Vortac Labs Inc.,219,4.62,Free,6774287184,com.gigamow.Wheelz,https://apps.apple.com/gb/app/wheelz-social-drive-tracker/id6774287184
Navigation,46,NaviTruck GPS Truck & Caravan,TEKBH,301,4.12,Free,1629899453,com.takteck.navitruck,https://apps.apple.com/gb/app/navitruck-gps-truck-caravan/id1629899453
Navigation,50,"AppyParking+ Plan, Park & Pay",Yellow Line Parking Ltd,2327,4.35,Free,1527265648,com.appyway.mobile.appyparking,https://apps.apple.com/gb/app/appyparking-plan-park-pay/id1527265648
Navigation,51,"Orca: Boat GPS, Charts, Routes",Orca Technologies AS,578,4.65,Free,1514423198,io.theorca.app,https://apps.apple.com/gb/app/orca-boat-gps-charts-routes/id1514423198
Navigation,54,Go Jauntly: UK Walking Routes,Go Jauntly Ltd,2999,4.61,Free,1150399087,com.gojauntly,https://apps.apple.com/gb/app/go-jauntly-uk-walking-routes/id1150399087
Navigation,56,Tractor GPS - Field Guidance,Oran Dynamics Ltd,230,4.48,Free,1661207294,com.padraicnevin.tractorgps,https://apps.apple.com/gb/app/tractor-gps-field-guidance/id1661207294
Navigation,58,"Famio: Find My Friends, Family",Gismart Ltd,571,3.62,Free,1491200353,family.tracker.app,https://apps.apple.com/gb/app/famio-find-my-friends-family/id1491200353
Navigation,59,Track My Journey - Travel Log,CeylonLabs Technologies Pvt Ltd,541,4.58,Free,1278152021,com.ceylonlabs.Track-My-Journey,https://apps.apple.com/gb/app/track-my-journey-travel-log/id1278152021
Navigation,60,Enroad – Drive Tracker,11X APPSTUDIO D.O.O. BEOGRAD,920,4.72,Free,6757245082,io.uros.triprank,https://apps.apple.com/gb/app/enroad-drive-tracker/id6757245082
Navigation,61,MilGPS,Cascode Labs Pty Ltd,323,4.82,£12.99,405835358,com.kvurd.milgps,https://apps.apple.com/gb/app/milgps/id405835358
Navigation,67,Scenic Motorcycle Navigation,Applified Life Ltd.,1884,4.7,Free,1089668246,com.pinguido.scenic,https://apps.apple.com/gb/app/scenic-motorcycle-navigation/id1089668246
Navigation,68,cycle.travel - map and planner,Editions Systeme D Ltd,346,4.81,Free,1619632879,com.geowiki.cycle-travel,https://apps.apple.com/gb/app/cycle-travel-map-and-planner/id1619632879
Navigation,73,Navily,The Navigation Family,1675,4.77,Free,881103205,com.ckcnet.navily,https://apps.apple.com/gb/app/navily/id881103205
Navigation,76,Spacetalk - Family Safety,SPACETALK DIGITAL PTY LTD,737,4.65,Free,1273641588,com.mgmwireless.allmytribe3,https://apps.apple.com/gb/app/spacetalk-family-safety/id1273641588
Navigation,81,iMaps+ for Google Maps,Apptility Limited,281,2.75,Free,585801479,com.RyanPeggs.iMaps-,https://apps.apple.com/gb/app/imaps-for-google-maps/id585801479
Navigation,82,Ski Tracks Lite & GPS Maps,Fitness & Sports apps SRL,377,4.48,Free,368024976,com.corecoders.SkiTracksLite,https://apps.apple.com/gb/app/ski-tracks-lite-gps-maps/id368024976
Navigation,84,OMN - Outdoor Map Navigator,Anquet Technology Ltd,637,4.52,Free,1276592903,com.anquet.omnios,https://apps.apple.com/gb/app/omn-outdoor-map-navigator/id1276592903
Navigation,85,Car Play Connect: Sync Auto,Ahmet Mucahid Bozkurt,364,4.49,Free,6751548989,app.car.PlayConnect,https://apps.apple.com/gb/app/car-play-connect-sync-auto/id6751548989
Navigation,86,PlaceMaker Route Planner,Resting Cranes LLC,907,4.74,Free,951375734,RestingCranes.PlaceMaker,https://apps.apple.com/gb/app/placemaker-route-planner/id951375734
Navigation,90,C-MAP: Boating,Navico Norway AS,400,4.33,Free,967289980,com.isea.Embark,https://apps.apple.com/gb/app/c-map-boating/id967289980
Navigation,94,EV Charging Stations,WALABOK LLC,618,4.56,Free,1601541880,com.walabokllc.superchargersfortesla,https://apps.apple.com/gb/app/ev-charging-stations/id1601541880
Navigation,95,Be Closer: Find family & kids,"SUPERSSTAR LABS, SOCIEDAD LIMITADA",2283,4.18,Free,1395979668,com.spoten,https://apps.apple.com/gb/app/be-closer-find-family-kids/id1395979668
Navigation,96,Delivery Route Planner - Upper,"Monocubed, Inc",463,4.42,Free,1481934166,com.routeplanner.app,https://apps.apple.com/gb/app/delivery-route-planner-upper/id1481934166
Navigation,97,Japan Travel: Visit Planner,"NAVITIME JAPAN CO.,LTD.",399,4.59,Free,686373726,com.navitime.inbound.commerce,https://apps.apple.com/gb/app/japan-travel-visit-planner/id686373726
Navigation,100,GPS Tracks,David Morneault,615,4.66,Free,425589565,com.dmorneault.gpstracks,https://apps.apple.com/gb/app/gps-tracks/id425589565
Music,17,Moises AI: The Musician's App,Moises Systems Inc,2636,4.63,Free,1515796612,ai.moises,https://apps.apple.com/gb/app/moises-ai-the-musicians-app/id1515796612
Music,21,Strum - Play Guitar,W185 Holdings LLC,1644,4.55,Free,6749384181,com.w185holdings.guitar,https://apps.apple.com/gb/app/strum-play-guitar/id6749384181
Music,22,DistroKid,"DistroKid Holdings, LLC",2058,4.82,Free,1548832265,com.distrokid.DistroKid,https://apps.apple.com/gb/app/distrokid/id1548832265
Music,23,rekordbox - DJ App & DJ Mixer,AlphaTheta Corporation,1244,4.48,Free,1487048203,com.pioneerdj.rekordbox,https://apps.apple.com/gb/app/rekordbox-dj-app-dj-mixer/id1487048203
Music,26,Water Eject ‒ Speaker Cleaner,TINY BOOM LIMITED,2410,4.59,Free,6499516431,com.tinyboom.clearwave,https://apps.apple.com/gb/app/water-eject-speaker-cleaner/id6499516431
Music,29,Clear wave | Water Eject,Appchi LLC,2818,4.46,Free,1557211189,com.soundmoji.app,https://apps.apple.com/gb/app/clear-wave-water-eject/id1557211189
Music,30,[untitled],"sin titulo, inc",1281,4.93,Free,6445854828,com.untitledinbrackets.untitled-ios,https://apps.apple.com/gb/app/untitled/id6445854828
Music,34,Moongate: Binaural Beats,"Moongate Studios, Inc.",832,4.53,Free,6471041035,com.sunshipmedia.moongate,https://apps.apple.com/gb/app/moongate-binaural-beats/id6471041035
Music,35,Speaker & Headphones Connect,MAPLE LABS COMPANY LIMITED,1998,4.63,Free,1612024321,com.maplelabs.airmusic,https://apps.apple.com/gb/app/speaker-headphones-connect/id1612024321
Music,37,NTS RADIO,NTS LIVE LTD,1780,4.86,Free,1204567739,com.ntslive.ntsradio,https://apps.apple.com/gb/app/nts-radio/id1204567739
Music,38,AI Music Video Generator・Shoom,Tech Alpha DMCC,1313,4.0,Free,6499126830,com.aiby.AiMusicGenerator,https://apps.apple.com/gb/app/ai-music-video-generator-shoom/id6499126830
Music,42,AI Song: AI Music Generator,YAHOR VALATKOVICH,788,4.37,Free,6489035718,com.songai.SongAi,https://apps.apple.com/gb/app/ai-song-ai-music-generator/id6489035718
Music,44,MyTunes : AI Music Generator,HUBX YAZILIM HIZMETLERI ANONIM SIRKETI,2825,4.0,Free,6447001239,com.ai.music.generator.app,https://apps.apple.com/gb/app/mytunes-ai-music-generator/id6447001239
Music,45,AI Song Generator - Jukebox,TWOWISE Bilgi Teknolojileri Limited Sirketi,542,4.68,Free,6733226170,co.twowise.jukebox,https://apps.apple.com/gb/app/ai-song-generator-jukebox/id6733226170
Music,50,AI Music: Cover & Song Maker,Comapps LLC,1984,3.82,Free,6529535168,dev.prodfire.ai.music,https://apps.apple.com/gb/app/ai-music-cover-song-maker/id6529535168
Music,51,Tuner Pro: Guitar Tuner & Tab,MWM,2908,4.28,Free,1438248122,com.mwm.guitartuner,https://apps.apple.com/gb/app/tuner-pro-guitar-tuner-tab/id1438248122
Music,56,Jamzone - Sing & Play Along,Recisio,1659,4.78,Free,998972770,com.recisio.jamzone.ios,https://apps.apple.com/gb/app/jamzone-sing-play-along/id998972770
Music,57,Music Recognition- Song Finder,英杰 李,511,4.5,Free,6599842047,com.accurate.rich.recogize,https://apps.apple.com/gb/app/music-recognition-song-finder/id6599842047
Music,65,SuperStar: Music Game,CADENVERSE PTE. LTD.,681,4.74,Free,6751258828,com.cadenverse.ss25,https://apps.apple.com/gb/app/superstar-music-game/id6751258828
Music,66,Water Eject & Speaker Cleaner,WORLD LABS COMPANY LIMITED,655,4.15,Free,6761820807,com.speaker.clean.ejectwater,https://apps.apple.com/gb/app/water-eject-speaker-cleaner/id6761820807
Music,69,PowerMusicNow,"Power Music, Inc.",920,4.65,Free,540469794,com.powermusic.TempoPower,https://apps.apple.com/gb/app/powermusicnow/id540469794
Music,70,Demo: Songwriting Studio,"Demo Music, LLC",999,4.55,Free,1563264178,com.demomusic.demo,https://apps.apple.com/gb/app/demo-songwriting-studio/id1563264178
Music,71,Rythmix - AI Music Generator,Vivalive Hong Kong Limited,435,4.54,Free,6736849866,com.song.ailab,https://apps.apple.com/gb/app/rythmix-ai-music-generator/id6736849866
Music,75,AI Song Generator - Zona,7 Mobile Teknoloji Anonim Sirketi,399,4.61,Free,6499261254,com.zona.aimusic,https://apps.apple.com/gb/app/ai-song-generator-zona/id6499261254
Music,77,Stemz: vocal remover pro ai,MWM,1063,4.29,Free,1596495598,com.mwm.stems,https://apps.apple.com/gb/app/stemz-vocal-remover-pro-ai/id1596495598
Music,78,iReal Pro,Technimo LLC,1634,4.85,£19.99,298206806,com.massimobiolcati.iRealBook,https://apps.apple.com/gb/app/ireal-pro/id298206806
Music,79,AI Song Music Generator: Muzio,Scale Dreams LLC,2075,4.73,Free,6502530415,com.ScaleDreams.SongAIGenerator,https://apps.apple.com/gb/app/ai-song-music-generator-muzio/id6502530415
Music,80,Mureka: AI Radio & Music Maker,SKYWORK AI PTE LTD,667,4.71,Free,6677033144,ai.mureka.ios,https://apps.apple.com/gb/app/mureka-ai-radio-music-maker/id6677033144
Music,81,Anima: Binaural Beats,Mega e Limited,440,4.67,Free,6753141187,com.megaelimited.Anima,https://apps.apple.com/gb/app/anima-binaural-beats/id6753141187
Music,83,The Vocal Coach,Annabel Williams Music Ltd,249,4.59,Free,1515249256,com.vocalcoach.app,https://apps.apple.com/gb/app/the-vocal-coach/id1515249256
Music,86,Beatron: AI Song Maker,OCEAN FLOAT MOBILE LIMITED,283,4.1,Free,6751319787,com.aimusic.beatmaker.app2025,https://apps.apple.com/gb/app/beatron-ai-song-maker/id6751319787
Music,89,PlayScore 2,Organum Limited,664,4.27,Free,1449591118,com.organum.playscore2,https://apps.apple.com/gb/app/playscore-2/id1449591118
Music,93,ToneAdapt - Guitar Tone Match,Kyan Santiago-Calling,471,4.65,Free,6761394160,com.toneadapt.app,https://apps.apple.com/gb/app/toneadapt-guitar-tone-match/id6761394160
Music,95,StarMaker Lite-Sing Karaoke,SKYWORK AI PTE LTD,1043,4.47,Free,545861112,com.starmakerapp.thevoice,https://apps.apple.com/gb/app/starmaker-lite-sing-karaoke/id545861112
Music,97,UnitedMasters: Release Music,Translation United LLC,467,4.54,Free,1442118788,com.translationunited.unitedmasters,https://apps.apple.com/gb/app/unitedmasters-release-music/id1442118788
Music,100,Sing Sharp - Singing Lessons,Sing Sharp Limited,2833,4.25,Free,772052329,com.KaraokeMusicAppLab.Sing-Sharp,https://apps.apple.com/gb/app/sing-sharp-singing-lessons/id772052329
Lifestyle,9,Tipsy Chat: Live Your Story,LIGHTSPEED INTELLIGENCE PTE. LTD.,652,4.35,Free,6572296119,chat.beta.tipsy,https://apps.apple.com/gb/app/tipsy-chat-live-your-story/id6572296119
Lifestyle,16,Imou Life,Huacheng Network(hk) Technology Limited,1588,4.06,Free,1071165451,com.dahuaoversea.easy4ip,https://apps.apple.com/gb/app/imou-life/id1071165451
Lifestyle,18,Nymph: Open-Minded Dating App,Nymph GmbH,571,4.06,Free,6475792735,so.nymph.ios,https://apps.apple.com/gb/app/nymph-open-minded-dating-app/id6475792735
Lifestyle,27,Bumble For Friends: Meet IRL,Bumble Holding Limited,2063,4.35,Free,6444040977,com.moxco.maya,https://apps.apple.com/gb/app/bumble-for-friends-meet-irl/id6444040977
Lifestyle,28,Owlet Dream,"Owlet Baby Care, Inc.",1352,4.58,Free,1590590105,com.owletcare.Sleep,https://apps.apple.com/gb/app/owlet-dream/id1590590105
Lifestyle,33,"Warhammer 40,000: The App",Games Workshop Limited,524,3.44,Free,6443503982,com.gamesworkshop.w40k,https://apps.apple.com/gb/app/warhammer-40-000-the-app/id6443503982
Lifestyle,36,Nanit,UdiSense Inc.,1061,4.53,Free,1137885597,com.udisense.nanit,https://apps.apple.com/gb/app/nanit/id1137885597
Lifestyle,38,Astra - Life Advice,Vert Ventures LLC,2200,4.65,Free,6473748536,com.vertventures.stella,https://apps.apple.com/gb/app/astra-life-advice/id6473748536
Lifestyle,39,ieGeek Cam,"SHENZHEN GLOBALEBUY CO.,LTD.",806,4.5,Free,1601747664,com.iegeekCam.cam,https://apps.apple.com/gb/app/iegeek-cam/id1601747664
Lifestyle,40,Chyrpe: Female-Led Dating,Greenrocks Development Ltd.,824,3.84,Free,6478389867,com.chyrpe.chyrpe,https://apps.apple.com/gb/app/chyrpe-female-led-dating/id6478389867
Lifestyle,42,Heart Rate Monitor - Pulse,NarrativeLab OU,1336,4.27,Free,1575719736,com.appstoreapps.bloodpressure,https://apps.apple.com/gb/app/heart-rate-monitor-pulse/id1575719736
Lifestyle,43,The Pattern,"Pattern Home, Inc.",906,3.87,Free,1071085727,com.thepattern.thepattern,https://apps.apple.com/gb/app/the-pattern/id1071085727
Lifestyle,45,Qustodio Parental Control App,Qustodio Technologies SL,1940,4.08,Free,1501720596,com.qustodio.par.qustodio-family-parental-control-app,https://apps.apple.com/gb/app/qustodio-parental-control-app/id1501720596
Lifestyle,48,WAX by Killing Kittens,WeAreX Ltd,276,3.37,Free,1445689663,com.killingkittens.app,https://apps.apple.com/gb/app/wax-by-killing-kittens/id1445689663
Lifestyle,54,Turn-Up,Dately,1483,3.95,Free,1353082383,org.reactjs.native.example.dately,https://apps.apple.com/gb/app/turn-up/id1353082383
Lifestyle,60,TOM: The Organised Method,Tojobe Ltd,347,4.03,Free,1427750529,blog.theorganisedmum.TOMMApp,https://apps.apple.com/gb/app/tom-the-organised-method/id1427750529
Lifestyle,62,Arike - Where Malayalis Date,Aisle Network Private Limited,2039,4.4,Free,1553017906,app.aisle.co.arike,https://apps.apple.com/gb/app/arike-where-malayalis-date/id1553017906
Lifestyle,63,CHANI: Your Astrology Guide,Chani Nicholas Incorporated,2228,4.9,Free,1532791252,com.chaninicholas.chaniapp,https://apps.apple.com/gb/app/chani-your-astrology-guide/id1532791252
Lifestyle,71,ToChat - Meet New Friends,ByteWave Corporation,635,4.28,Free,1591156837,com.meet.newsocial,https://apps.apple.com/gb/app/tochat-meet-new-friends/id1591156837
Lifestyle,76,BlackVue,"Pittasoft Co., Ltd.",1255,3.69,Free,1049209637,com.pittasoft.BlackVueC,https://apps.apple.com/gb/app/blackvue/id1049209637
Lifestyle,77,Sincerely: Vent & Share Secret,MWM,1787,4.4,Free,6443709181,com.sincerelyapp.sincerely,https://apps.apple.com/gb/app/sincerely-vent-share-secret/id6443709181
Lifestyle,80,Xiaomi Home,"Beijing Xiaomi Co., Ltd",1466,3.5,Free,957323480,com.xiaomi.mihome,https://apps.apple.com/gb/app/xiaomi-home/id957323480
Lifestyle,81,Loopsy - Crochet & Knitting,Springtown Labs Inc.,671,4.68,Free,6745416564,com.NipunSingh.StichCraftApp,https://apps.apple.com/gb/app/loopsy-crochet-knitting/id6745416564
Lifestyle,82,dua.com: Date & Meet Albanians,dua AG,1136,4.45,Free,1482271331,com.duaAG.Dua,https://apps.apple.com/gb/app/dua-com-date-meet-albanians/id1482271331
Lifestyle,87,Starcrossed,Starcrossed LLC,313,4.65,Free,6736925269,com.starcrossed.starcrossedprodvthree,https://apps.apple.com/gb/app/starcrossed/id6736925269
Lifestyle,88,Bird Song Identifier-BirdScope,Scala technology limited,2275,4.69,Free,6743123395,com.birds.song.identifier.ai,https://apps.apple.com/gb/app/bird-song-identifier-birdscope/id6743123395
Lifestyle,89,Cupla: Couples Shared Calendar,Cupla Limited,481,4.64,Free,1557764033,app.cupla.cuplaios,https://apps.apple.com/gb/app/cupla-couples-shared-calendar/id1557764033
Lifestyle,90,Mojo: Your Better Sex Expert,Mojo Men Ltd,513,4.55,Free,1628626105,com.wearemojo.mojo,https://apps.apple.com/gb/app/mojo-your-better-sex-expert/id1628626105
Lifestyle,91,DateMyAge™ - Mature Dating 40+,Neriva Solutions Inc.,784,3.1,Free,1270059501,com.datemyage.ios,https://apps.apple.com/gb/app/datemyage-mature-dating-40/id1270059501
Lifestyle,94,EVA AI Soulmate,Novi Limited,2223,4.26,Free,1551794721,com.ifriend.ios,https://apps.apple.com/gb/app/eva-ai-soulmate/id1551794721
Lifestyle,97,Petlibro,Designlibro Inc,207,3.94,Free,1586120661,com.designlibro.petlibro,https://apps.apple.com/gb/app/petlibro/id1586120661
Health & Fitness,13,MacroFactor - Macro Tracker,Stronger By Science Technologies LLC,1955,4.75,Free,1553503471,com.sbs.diet,https://apps.apple.com/gb/app/macrofactor-macro-tracker/id1553503471
Health & Fitness,27,Carbs & Cals: Diet & Diabetes,Chello Publishing Limited,2521,4.11,Free,388459613,com.chellopublishing.CarbsAndCals,https://apps.apple.com/gb/app/carbs-cals-diet-diabetes/id388459613
Health & Fitness,33,"Lively - Period Tracker, Cycle","Lively Cycle, LLC",2270,4.7,Free,6447674634,lively.cycle.syncing.period.tracker,https://apps.apple.com/gb/app/lively-period-tracker-cycle/id6447674634
Health & Fitness,47,MARCHON TRAINING,MARCHON TRAINING LTD,1240,4.87,Free,6443470301,uk.co.marchon.training,https://apps.apple.com/gb/app/marchon-training/id6443470301
Health & Fitness,54,WEGLOW: Home Workout for Women,WEGLOW APP LTD,1872,4.73,Free,1537610947,app.weglow.v1,https://apps.apple.com/gb/app/weglow-home-workout-for-women/id1537610947
Health & Fitness,55,GOWOD – Mobility & Stretching,Mobility First Group,1346,4.83,Free,1227834875,eu.gowod,https://apps.apple.com/gb/app/gowod-mobility-stretching/id1227834875
Health & Fitness,61,ShredFast,SHREDAST GLOBAL - FZCO,269,4.87,Free,6755752514,com.shredfastgroup.app,https://apps.apple.com/gb/app/shredfast/id6755752514
Health & Fitness,63,Coopah: The Run Coaching App,COOPAH LIMITED,1158,4.79,Free,1587165314,com.coopah.app,https://apps.apple.com/gb/app/coopah-the-run-coaching-app/id1587165314
Health & Fitness,67,Gymproluxe,Gym Pro Group Ltd,600,4.64,Free,6474617038,com.gymproluxe.app,https://apps.apple.com/gb/app/gymproluxe/id6474617038
Health & Fitness,70,The Way: Meditation & Zen,The Way App Inc.,1577,4.91,Free,6459996442,com.thewayapp.mobile,https://apps.apple.com/gb/app/the-way-meditation-zen/id6459996442
Health & Fitness,71,Napper: Baby Sleep Tracker,Napper AB,2212,4.89,Free,1491340863,com.napper,https://apps.apple.com/gb/app/napper-baby-sleep-tracker/id1491340863
Health & Fitness,72,Heartica: Heart Rate Monitor,Faliane Ltd.,1289,4.51,Free,6742904990,com.heart.rate.heartica,https://apps.apple.com/gb/app/heartica-heart-rate-monitor/id6742904990
Health & Fitness,76,Lyfta: Gym Tracker Workout Log,Lindberg Development AS,1275,4.8,Free,6443740936,com.lyftaios,https://apps.apple.com/gb/app/lyfta-gym-tracker-workout-log/id6443740936
Health & Fitness,79,Paace: Rewards for Walking,PAACE LTD,836,4.42,Free,1671548422,com.fn.paace,https://apps.apple.com/gb/app/paace-rewards-for-walking/id1671548422
Health & Fitness,80,FivePointFive: Breathwork,FivePointFive Movement Limited,649,4.75,Free,6469338436,ios5p5.FivePointFive,https://apps.apple.com/gb/app/fivepointfive-breathwork/id6469338436
Health & Fitness,82,Pilates by Bryony,Pili and Kiki Limited,282,4.8,Free,1635282079,ott.pilatesbybryony1,https://apps.apple.com/gb/app/pilates-by-bryony/id1635282079
Health & Fitness,91,Athlytic: Fitness & Recovery,"MyndArc, LLC",2812,4.74,Free,1543571755,myndarc.newFitnessApp,https://apps.apple.com/gb/app/athlytic-fitness-recovery/id1543571755
Health & Fitness,93,Stella - Manifest Anything,Perl Productions LLC,554,4.54,Free,6757347283,com.vertventures.manifestation,https://apps.apple.com/gb/app/stella-manifest-anything/id6757347283
Health & Fitness,97,The Stack System,THE STACK SYSTEM GP INC,654,4.9,Free,1534757407,com.thestacksystem.thestack,https://apps.apple.com/gb/app/the-stack-system/id1534757407
Health & Fitness,98,Results Wellness Lifestyle,Results Wellness Lifestyle Limited,581,4.62,Free,1460681974,uk.co.disciplemedia.resultswithlucy,https://apps.apple.com/gb/app/results-wellness-lifestyle/id1460681974
Finance,7,YNAB,You Need A Budget LLC,2990,4.74,Free,1010865877,com.youneedabudget.evergreen.YNAB-Evergreen,https://apps.apple.com/gb/app/ynab/id1010865877
Finance,11,Sage Sole Trader - MTD Ready,Sage Global Services Ltd,708,4.74,Free,1641307408,com.sage.sbca,https://apps.apple.com/gb/app/sage-sole-trader-mtd-ready/id1641307408
Finance,14,Expense Tracker - DaTrack,Quoc Phan,785,4.76,Free,6760328162,com.quocphan.datrack,https://apps.apple.com/gb/app/expense-tracker-datrack/id6760328162
Finance,17,Stocks To Buy Now : AI Signals,Hello Stocker,467,4.79,Free,1565527320,com.newcompany.stocker,https://apps.apple.com/gb/app/stocks-to-buy-now-ai-signals/id1565527320
Finance,19,FreeMaker - Invoice Generator,Simple Apps s.r.o.,2379,4.87,Free,1593605951,com.baranec.maker,https://apps.apple.com/gb/app/freemaker-invoice-generator/id1593605951
Finance,21,TipRanks Stock Market Research,TipRanks Ltd,1102,4.73,Free,1237516490,com.tipranks.app,https://apps.apple.com/gb/app/tipranks-stock-market-research/id1237516490
Finance,22,#Pie Tax,PIE MONEY LIMITED,450,4.69,Free,1660279468,uk.taxpie,https://apps.apple.com/gb/app/pie-tax/id1660279468
Finance,26,Simply Wall St,Simply Wall Street Pty Ltd,648,4.5,Free,1075614972,com.simplywallst.app,https://apps.apple.com/gb/app/simply-wall-st/id1075614972
Finance,27,"Smart Receipts: Tax, Expenses",REACTIVE APPS CORP.,1263,4.71,Free,905698613,co.smartreceipts.ios,https://apps.apple.com/gb/app/smart-receipts-tax-expenses/id905698613
Finance,28,Freebie Quote Maker App,Estimate Maker s. r. o.,795,4.86,Free,1608148531,com.hdk.quotemaker,https://apps.apple.com/gb/app/freebie-quote-maker-app/id1608148531
Finance,29,Financielle: Budget Planner,FINANCIELLE LIMITED,687,4.6,Free,1567346791,com.financielle.mobile.app,https://apps.apple.com/gb/app/financielle-budget-planner/id1567346791
Finance,32,Trade AI: Chart AI Analysis,Leadimize Inc,1282,4.48,Free,6741457696,com.chartly.leadimize,https://apps.apple.com/gb/app/trade-ai-chart-ai-analysis/id6741457696
Finance,33,"ADVFN Realtime Stocks, Bitcoin",ADVFN LIMITED,979,4.64,Free,553516718,com.advfn.mobile,https://apps.apple.com/gb/app/advfn-realtime-stocks-bitcoin/id553516718
Finance,35,Spending Tracker - Budget App,Inner Grow Limited,1583,4.67,Free,1525179720,com.lightByte.Budget,https://apps.apple.com/gb/app/spending-tracker-budget-app/id1525179720
Finance,36,Scan Receipts & Track Expenses,Saldo Apps Inc.,201,4.55,Free,1550270774,com.saldoapps.ReceiptScanner,https://apps.apple.com/gb/app/scan-receipts-track-expenses/id1550270774
Finance,37,Webull: Invest. Trade.,Webull Technologies Pte. Ltd.,606,4.54,Free,1669463338,com.webull.uk,https://apps.apple.com/gb/app/webull-invest-trade/id1669463338
Finance,40,MoneyWiz 2026 Personal Finance,SILVERWIZ LLC,1239,4.57,Free,1511185140,com.moneywiz.personalfinance,https://apps.apple.com/gb/app/moneywiz-2026-personal-finance/id1511185140
Finance,41,STINU Position Size Calculator,Black Tower Investments Ltd.,748,4.64,Free,1415292923,com.blacktower.forextestapp,https://apps.apple.com/gb/app/stinu-position-size-calculator/id1415292923
Finance,44,Budget Planner App - Fleur,Akash Jain,1068,4.79,Free,1621020173,com.fleurbudget,https://apps.apple.com/gb/app/budget-planner-app-fleur/id1621020173
Finance,46,Money Tracker: Spendee,CLEEVIO s.r.o.,1736,4.53,Free,635861140,com.cleevio.spendee,https://apps.apple.com/gb/app/money-tracker-spendee/id635861140
Finance,50,Dollarbird - Budget Calendar,Dollarbird Apps SRL,254,4.58,Free,1214299218,co.dollarbird,https://apps.apple.com/gb/app/dollarbird-budget-calendar/id1214299218
Finance,59,Budget Planner - Money Coach,MoneyCoach UG (haftungsbeschraenkt),314,4.15,Free,989642198,com.duuro.moneyCoach,https://apps.apple.com/gb/app/budget-planner-money-coach/id989642198
Finance,66,Snowball Analytics,Snowball Analytics,229,4.79,Free,6463484375,com.snowballanalytics,https://apps.apple.com/gb/app/snowball-analytics/id6463484375
Finance,67,Wallet: Budget & Money Manager,BudgetBakers s.r.o.,884,4.48,Free,1032467659,com.budgetbakers.BudgetBakers,https://apps.apple.com/gb/app/wallet-budget-money-manager/id1032467659
Finance,71,Trading Game - Stock Simulator,Agents 007,1635,4.76,Free,1202332044,com.financeillustrated.TradingGame,https://apps.apple.com/gb/app/trading-game-stock-simulator/id1202332044
Finance,73,Zoya: Halal Investing App,Investroo Inc.,280,4.78,Free,1447547610,com.investroo.zoya,https://apps.apple.com/gb/app/zoya-halal-investing-app/id1447547610
Finance,83,Bitcoin Mining: Crypto Miner,Lowhill Games Oy,865,4.35,Free,6468313323,crypto.bitcoin.ethereum.litecoin.cloud.mining.eth.btc.ltc.hash.pool.cloudMining,https://apps.apple.com/gb/app/bitcoin-mining-crypto-miner/id6468313323
Finance,84,Debt Payoff Planner & Tracker,OxbowSoft LLC,504,4.67,Free,1009323715,com.oxbowsoft.debtplanner,https://apps.apple.com/gb/app/debt-payoff-planner-tracker/id1009323715
Finance,90,Stock Events Market Tracker,Stock Events GmbH,742,4.76,Free,1488720155,app.stockevents.ios,https://apps.apple.com/gb/app/stock-events-market-tracker/id1488720155
Finance,93,Investor's Business Daily,"Investor's Business Daily, Inc",227,4.67,Free,1132274579,com.investors.ibdapp,https://apps.apple.com/gb/app/investors-business-daily/id1132274579
Finance,95,Bitcoin Mining · Cloud Mining,Lucky Monkey Tech Limited,1087,4.09,Free,6503180820,bitcoin.minning.com,https://apps.apple.com/gb/app/bitcoin-mining-cloud-mining/id6503180820
Finance,99,Settle Up - Group Expenses,"Step Up Labs, Inc.",1212,4.8,Free,737534985,cz.bioport.SettleUp7,https://apps.apple.com/gb/app/settle-up-group-expenses/id737534985
Entertainment,20,BlinkDrama - Short Dramas,Atlas Ventures Culture & Technology Limited,873,4.79,Free,6768593043,com.blink.drama.ios,https://apps.apple.com/gb/app/blinkdrama-short-dramas/id6768593043
Entertainment,25,Heyyyy: Stories that text back,heyyyyAI Inc,515,4.63,Free,6761748236,ai.heyyyy.app,https://apps.apple.com/gb/app/heyyyy-stories-that-text-back/id6761748236
Entertainment,28,MBC Shahid,MBC Group,996,2.61,Free,879915134,net.mbc.shahid-iphone,https://apps.apple.com/gb/app/mbc-shahid/id879915134
Entertainment,31,JoyReels - Enjoy Short Dramas,UREELS PTE. LTD.,1064,4.53,Free,6465895541,com.joyreels.video,https://apps.apple.com/gb/app/joyreels-enjoy-short-dramas/id6465895541
Entertainment,32,AntenaPLAY,Antena TV Group SA,1689,3.94,Free,650785733,ro.antenaplay.app,https://apps.apple.com/gb/app/antenaplay/id650785733
Entertainment,35,Quinn - Audio Stories,Quinn Inc,1397,4.62,Free,1565600312,com.quinn.ios,https://apps.apple.com/gb/app/quinn-audio-stories/id1565600312
Entertainment,42,WOW Presents Plus,World of Wonder Productions,2196,4.39,Free,1194749500,com.vhx.worldofwonder,https://apps.apple.com/gb/app/wow-presents-plus/id1194749500
Entertainment,43,DramaBox Lite - Mini Drama TV,STORYMATRIX PTE. LTD,668,4.78,Free,6755754589,com.storymatrix.lite,https://apps.apple.com/gb/app/dramabox-lite-mini-drama-tv/id6755754589
Entertainment,46,MoboReels: Short Drama & Movie,CHANGDU (HK) TECHNOLOGY LIMITED,2630,4.5,Free,6450243852,com.changdu.mobovideo,https://apps.apple.com/gb/app/moboreels-short-drama-movie/id6450243852
Entertainment,48,"BibiShort - Reel, Drama Series",TOPREEL GLOBAL PTE. LTD.,1622,4.5,Free,6755374588,com.aik.topreel.ai.app,https://apps.apple.com/gb/app/bibishort-reel-drama-series/id6755374588
Entertainment,52,Kalos TV-Short Dramas & Reels,"Storyverse Co., Limited",905,4.51,Free,6463394851,com.kwshortvideo.kalostv,https://apps.apple.com/gb/app/kalos-tv-short-dramas-reels/id6463394851
Entertainment,56,DramaShorts: Watch TV & Shows,Brailion Ventures Limited,1426,4.22,Free,6478970137,io.drama.shorts,https://apps.apple.com/gb/app/dramashorts-watch-tv-shows/id6478970137
Entertainment,58,iDrama – Short Dramas & Reels,HK Good Drama Technology Limited,1298,4.23,Free,6741501595,com.gooddrama.idrama,https://apps.apple.com/gb/app/idrama-short-dramas-reels/id6741501595
Entertainment,61,ShortsWave: Watch Drama Series,HALOFUN PTE. LTD.,1517,4.68,Free,6478104173,com.company.shortsdrama.wave,https://apps.apple.com/gb/app/shortswave-watch-drama-series/id6478104173
Entertainment,67,Kindroid: Your Personal AI,Beautifully Incorporated,871,4.66,Free,6451038161,com.kindroid.app,https://apps.apple.com/gb/app/kindroid-your-personal-ai/id6451038161
Entertainment,68,National Theatre at Home,The Royal National Theatre,415,4.47,Free,1537364505,com.ntathome,https://apps.apple.com/gb/app/national-theatre-at-home/id1537364505
Entertainment,79,FlareFlow,FlareFlow Pte. Ltd.,712,4.61,Free,6744237126,tv.flareflow.drama,https://apps.apple.com/gb/app/flareflow/id6744237126
Entertainment,80,Shorts - TV Short Micro Drama,Luni,2330,4.59,Free,6498894314,app.luni.shorts,https://apps.apple.com/gb/app/shorts-tv-short-micro-drama/id6498894314
Entertainment,82,DC UNIVERSE INFINITE,Warner Bros. Entertainment,206,2.91,Free,1329018000,com.wb.dcuniverse,https://apps.apple.com/gb/app/dc-universe-infinite/id1329018000
Entertainment,83,HIDIVE,"HIDIVE, LLC",221,2.22,Free,1233367570,com.hidive.ios,https://apps.apple.com/gb/app/hidive/id1233367570
Entertainment,85,OOC: The Playable Anime,New AI Entertainment Inc.,222,4.43,Free,6761247061,com.newai.ooc,https://apps.apple.com/gb/app/ooc-the-playable-anime/id6761247061
Entertainment,91,Couple Games Cards Quiz: DeepQ,SMAK APPS SP ZOO,206,4.4,Free,6451279804,com.smakapps.deepq,https://apps.apple.com/gb/app/couple-games-cards-quiz-deepq/id6451279804
Entertainment,95,Sony LIV,SONY PICTURES NETWORKS INDIA PVT LTD,535,3.99,Free,587794258,com.msmpl.sonyliviphone,https://apps.apple.com/gb/app/sony-liv/id587794258
Entertainment,98,Drama Pops - Reel Shorts TV,DEEP FLOW SOFTWARE SERVICES - FZCO,1418,4.67,Free,6503891345,com.deepvision.shortdrama,https://apps.apple.com/gb/app/drama-pops-reel-shorts-tv/id6503891345
Entertainment,99,LoveShots - Dramas & Movies,NEWSTAR FOCUS LIMITED,430,4.9,Free,6448256175,com.mini.drama.movie,https://apps.apple.com/gb/app/loveshots-dramas-movies/id6448256175
Education,14,Pimsleur | Language Learning,Simon & Schuster,1628,4.54,Free,1405735469,com.simonandschuster.pimsleur.unified.ios,https://apps.apple.com/gb/app/pimsleur-language-learning/id1405735469
Education,17,AnkiMobile Flashcards,Anki Software LLC,477,4.2,£24.99,373493387,net.ichi2.anki,https://apps.apple.com/gb/app/ankimobile-flashcards/id373493387
Education,33,Official Life in the UK Test,The Stationery Office Limited,1446,3.38,£5.99,632064672,com.tso.lifeintheuk,https://apps.apple.com/gb/app/official-life-in-the-uk-test/id632064672
Education,44,LingQ | Learn Languages,LingQ Languages Ltd.,1658,4.7,Free,379385811,com.lingq.iLingQ,https://apps.apple.com/gb/app/lingq-learn-languages/id379385811
Education,49,Pok Pok | Montessori Preschool,Pok Pok Inc,2322,4.69,Free,1550204730,com.playpokpok.playroom,https://apps.apple.com/gb/app/pok-pok-montessori-preschool/id1550204730
Education,50,CITB MAP HS&E test V11,CITB-ConstructionSkills,930,4.59,£7.29,6445915563,com.citb.imagitech.GT200.23,https://apps.apple.com/gb/app/citb-map-hs-e-test-v11/id6445915563
Education,51,Sporecast: Mushroom Identifier,Sporecast Ltd,342,4.76,Free,6745700034,com.sporecast.app,https://apps.apple.com/gb/app/sporecast-mushroom-identifier/id6745700034
Education,54,Language Learning: Pingo AI,"Pingo AI, Inc.",1402,4.45,Free,6738882620,com.picoai.languageapp,https://apps.apple.com/gb/app/language-learning-pingo-ai/id6738882620
Education,58,Langua: AI language learning,LanguaTalk Inc.,490,4.41,Free,6737520234,com.strukturedkaos.languatalkapp,https://apps.apple.com/gb/app/langua-ai-language-learning/id6737520234
Education,61,Kinedu: Baby Development,"Kinedu, Inc.",822,4.32,Free,741277284,com.kinedu.kineduapp,https://apps.apple.com/gb/app/kinedu-baby-development/id741277284
Education,63,Plant Identification－Plantaria,Grotem Limited,2282,4.43,Free,1490577892,com.angelscope.ios.plantyx,https://apps.apple.com/gb/app/plant-identification-plantaria/id1490577892
Education,68,Pastest,PasTest Ltd,427,4.44,Free,1554317254,com.pastest.v3.app,https://apps.apple.com/gb/app/pastest/id1554317254
Education,71,Eppika・Read to Learn Languages,"Tessirion, s.r.o.",313,4.73,Free,6744357399,com.tessirion.eppika,https://apps.apple.com/gb/app/eppika-read-to-learn-languages/id6744357399
Education,78,Speech Blubs: Language Therapy,Blub Blub Inc.,2933,4.28,Free,1239522573,org.blubblub.app.speechblubs,https://apps.apple.com/gb/app/speech-blubs-language-therapy/id1239522573
Education,79,Practice Driving Test Routes,heirong Ltd,793,4.52,Free,6476445661,com.williamcheungapps.DrivingTestRoutesUK,https://apps.apple.com/gb/app/practice-driving-test-routes/id6476445661
Education,82,Kalam: Learn Arabic,NODE ZERO INC,1709,4.65,Free,6745237476,com.saviomartin.alif,https://apps.apple.com/gb/app/kalam-learn-arabic/id6745237476
Education,86,Phomemo,PHOMEMO PTE. LTD.,1509,4.52,Free,1456102145,com.quyin8.phomemo,https://apps.apple.com/gb/app/phomemo/id1456102145
Education,87,Speak: Language Learning,"Speakeasy Labs, Inc",1035,4.7,Free,1286609883,com.selabs.speak-v2,https://apps.apple.com/gb/app/speak-language-learning/id1286609883
Education,89,YayTalk: Learn & Speak English,IdeaLabs Pte. Ltd.,374,4.6,Free,6743074605,com.ai.language.learning.tutor,https://apps.apple.com/gb/app/yaytalk-learn-speak-english/id6743074605
Education,90,Musora: The Music Lessons App,Musora Media Inc.,484,4.72,Free,1460388277,com.drumeo.DrumeoMobile,https://apps.apple.com/gb/app/musora-the-music-lessons-app/id1460388277
Education,92,Wellspoken: Articulation Coach,Wellspoken Labs Inc.,845,4.65,Free,6752822613,xyz.carbonstudio.wellspoken,https://apps.apple.com/gb/app/wellspoken-articulation-coach/id6752822613
Education,93,Gibson: Learn & Play Guitar,Zoundio Oy,1090,4.7,Free,1116032929,com.berggram.amped,https://apps.apple.com/gb/app/gibson-learn-play-guitar/id1116032929
Education,96,Sylvi: Language Penpals,Sylvi Ltd,329,4.73,Free,6478706305,ai.sylvi.app,https://apps.apple.com/gb/app/sylvi-language-penpals/id6478706305
Education,97,Spanish Learning: Palteca,OnlyAuth Technologies SL,337,4.73,Free,6494988466,com.palteca.app,https://apps.apple.com/gb/app/spanish-learning-palteca/id6494988466
Education,100,Driving Theory Test Kit 2026,APPISODE YAZILIM TEKNOLOJILERI LIMITED SIRKETI,1049,4.63,Free,6502908551,com.appisode.theorytest,https://apps.apple.com/gb/app/driving-theory-test-kit-2026/id6502908551
Books,2,Y/n,Emittance Inc.,884,4.14,Free,6744907251,com.emittance.draco-is-typing,https://apps.apple.com/gb/app/y-n/id6744907251
Books,9,Everand: Audiobooks & Ebooks,Scribd,2098,4.25,Free,542557212,com.scribd.iscribd,https://apps.apple.com/gb/app/everand-audiobooks-ebooks/id542557212
Books,14,Audioteka,Audioteka Group Sp. z o.o.,2798,4.77,Free,1107917398,com.audioteka,https://apps.apple.com/gb/app/audioteka/id1107917398
Books,15,Quran by Quranly,Quranly Ltd,1239,4.66,Free,1559233786,com.quranly.app,https://apps.apple.com/gb/app/quran-by-quranly/id1559233786
Books,16,MegaNovel - fiction & webtoon,SINGAPORE NEW READING TECHNOLOGY PTE. LTD.,1284,4.56,Free,1600844711,com.newreading.meganovel,https://apps.apple.com/gb/app/meganovel-fiction-webtoon/id1600844711
Books,17,Glimmer: Interactive Fanfics,Glimmer Fics Inc,528,4.51,Free,6746514946,com.glimmerfics.glimmer,https://apps.apple.com/gb/app/glimmer-interactive-fanfics/id6746514946
Books,19,Wehear - Audiobooks & Stories,STAR READING LIMITED,2875,4.38,Free,1560926379,com.wehear.star.reading,https://apps.apple.com/gb/app/wehear-audiobooks-stories/id1560926379
Books,21,JoyRead-Enjoy Novels & Shorts,UREAD GLOBAL PTE. LTD.,2235,4.54,Free,1551079603,com.whaledream.novel,https://apps.apple.com/gb/app/joyread-enjoy-novels-shorts/id1551079603
Books,22,"Manta - Manga, Manhwa, Novels",RIDI Corporation,1582,4.6,Free,1536116642,net.manta.comic,https://apps.apple.com/gb/app/manta-manga-manhwa-novels/id1536116642
Books,26,"xigxag: Audiobooks, but Better",xigxag ltd,244,4.69,Free,1499273469,uk.co.xigxag.xigxagplayer,https://apps.apple.com/gb/app/xigxag-audiobooks-but-better/id1499273469
Books,27,"JoyLit: Novels, Stories","Techdelic Investment Co., Limited",462,3.9,Free,1495582649,com.hifiction.novel.ios,https://apps.apple.com/gb/app/joylit-novels-stories/id1495582649
Books,29,Litres: Книги и аудиокниги,LitRes OOO,1537,4.77,Free,438441429,ru.litres.app,https://apps.apple.com/gb/app/litres-%D0%BA%D0%BD%D0%B8%D0%B3%D0%B8-%D0%B8-%D0%B0%D1%83%D0%B4%D0%B8%D0%BE%D0%BA%D0%BD%D0%B8%D0%B3%D0%B8/id438441429
Books,33,微信读书,Tencent Technology (Shenzhen) Company Limited,2623,4.86,Free,952059546,com.tencent.weread,https://apps.apple.com/gb/app/%E5%BE%AE%E4%BF%A1%E8%AF%BB%E4%B9%A6/id952059546
Books,34,Dipsea: Audio Stories,"Dipsea, Inc",557,4.35,Free,1434242889,com.dipsea,https://apps.apple.com/gb/app/dipsea-audio-stories/id1434242889
Books,35,Janitor: Interactive Stories,"JanitorAI, INC",274,4.09,Free,6692609366,com.janitor.ai,https://apps.apple.com/gb/app/janitor-interactive-stories/id6692609366
Books,36,NovelFlow-FreeNovel&Story,RNOVEL PTE. LTD,768,4.75,Free,1627205148,com.xbooks.ios.www,https://apps.apple.com/gb/app/novelflow-freenovel-story/id1627205148
Books,37,Legimi - ebooks and audiobooks,Legimi S.A.,607,4.68,Free,563888611,com.legimi.reader.unlimited,https://apps.apple.com/gb/app/legimi-ebooks-and-audiobooks/id563888611
Books,39,BueNovela - leer novela libro,SINGAPORE NEW READING TECHNOLOGY PTE. LTD.,1045,4.68,Free,1547565419,com.read.buenovela,https://apps.apple.com/gb/app/buenovela-leer-novela-libro/id1547565419
Books,41,Empik Go - Audiobooki i Ebooki,Empik S.A,538,4.62,Free,1291830373,com.empik.go,https://apps.apple.com/gb/app/empik-go-audiobooki-i-ebooki/id1291830373
Books,42,MANGA Plus by SHUEISHA,SHUEISHA Inc.,256,3.64,Free,1442476536,jp.co.shueisha.mangaplus,https://apps.apple.com/gb/app/manga-plus-by-shueisha/id1442476536
Books,44,NovellTale - Novels & Stories,孝敦 田,461,4.52,Free,6754626612,com.storyapp.novelltale,https://apps.apple.com/gb/app/novelltale-novels-stories/id6754626612
Books,45,GlobalComix: Comics and Manga,"Global Publishing Interactive, Inc",482,4.72,Free,6444957733,com.globalcomix.mobileapp,https://apps.apple.com/gb/app/globalcomix-comics-and-manga/id6444957733
Books,46,BeFreed: Get Smarter Daily!,"beFreed, Inc",238,4.63,Free,6739747450,ai.befreed.freed-frontend-rn,https://apps.apple.com/gb/app/befreed-get-smarter-daily/id6739747450
Books,48,My Fiction: Stories & Novels,"Crazy Maple Studio, Inc.",288,4.09,Free,1508942129,com.crazymaplestudio.aurora,https://apps.apple.com/gb/app/my-fiction-stories-novels/id1508942129
Books,50,Tappytoon Comics & Novels,Contents First Inc.,532,3.97,Free,985615352,com.tappytoon.tappytoon,https://apps.apple.com/gb/app/tappytoon-comics-novels/id985615352
Books,51,NovelMist - Novels & Stories,晓东 王,1192,4.2,Free,6772875404,com.globebyte.novelmist,https://apps.apple.com/gb/app/novelmist-novels-stories/id6772875404
Books,55,Novelmates-Best Stories&Novels,HK IReader Technology Limited,624,3.02,Free,6446470442,com.zhangyue.read.rosanovela,https://apps.apple.com/gb/app/novelmates-best-stories-novels/id6446470442
Books,56,Voxa: Audiobooks & E-books,Voxa Software S.R.L,290,4.69,Free,1584777343,com.voxa.ios,https://apps.apple.com/gb/app/voxa-audiobooks-e-books/id1584777343
Books,58,Tapon - Stories & Novels,SPOTON  LIMITED,1530,4.72,Free,1615344447,com.tapon.read,https://apps.apple.com/gb/app/tapon-stories-novels/id1615344447
Books,59,Kifflire: Webnovel Reading Hub,CHANGDU (HK) TECHNOLOGY LIMITED,213,4.07,Free,1503290173,com.changduhk.readerfr,https://apps.apple.com/gb/app/kifflire-webnovel-reading-hub/id1503290173
Books,62,Litres: Audio,LitRes OOO,473,4.74,Free,529094166,ru.litres.audio,https://apps.apple.com/gb/app/litres-audio/id529094166
Books,68,"WebComics - Webtoon, Manga",WEBCOMICS HOLDINGS HK LIMITED,2734,4.74,Free,1337550955,com.manga.webcomics,https://apps.apple.com/gb/app/webcomics-webtoon-manga/id1337550955
Books,69,VIZ Manga,Viz Media iOS,480,4.74,Free,421486286,com.viz.iphone-manga,https://apps.apple.com/gb/app/viz-manga/id421486286
Books,70,Manga UP!,"SQUARE ENIX Co., Ltd.",220,4.42,Free,1623721894,com.square-enix.MangaUPw,https://apps.apple.com/gb/app/manga-up/id1623721894
Books,71,"Novelaria - Read Book, Booktok",窕翔 刘,1066,4.83,Free,6587560745,com.novelaria.book,https://apps.apple.com/gb/app/novelaria-read-book-booktok/id6587560745
Books,74,Scroll The Bible,JCBSN LLC,204,4.75,Free,6756558351,com.gabrieljacobson.biblescroll,https://apps.apple.com/gb/app/scroll-the-bible/id6756558351
Books,75,Meb : หนังสือดี นิยายดัง,MEB Corporation Public Company Limited,274,4.9,Free,453213960,com.askmedia.meb,https://apps.apple.com/gb/app/meb-%E0%B8%AB%E0%B8%99-%E0%B8%87%E0%B8%AA-%E0%B8%AD%E0%B8%94-%E0%B8%99-%E0%B8%A2%E0%B8%B2%E0%B8%A2%E0%B8%94-%E0%B8%87/id453213960
Books,76,"FreeBooks: 76,000 Top Reads",Quillbound Studios Ltd,354,4.56,Free,6464310229,com.freebooks.ios,https://apps.apple.com/gb/app/freebooks-76-000-top-reads/id6464310229
Books,78,Yestory - Read Books & Booktok,Yestory Mobile Development Limited,1420,4.87,Free,6443988199,com.yestory.cc,https://apps.apple.com/gb/app/yestory-read-books-booktok/id6443988199
Books,81,Novelpack,HK IReader Technology Limited,561,4.27,Free,6446772457,com.zhangyue.read.ireaderko,https://apps.apple.com/gb/app/novelpack/id6446772457
Books,82,MyBook: books and audiobooks,Zhivaya Biblioteka OOO,710,4.76,Free,556540446,ru.mybook.app,https://apps.apple.com/gb/app/mybook-books-and-audiobooks/id556540446
Books,86,Funovel – Reading Good Books,倩 李,261,4.67,Free,6755107081,com.funovel.book,https://apps.apple.com/gb/app/funovel-reading-good-books/id6755107081
Books,88,Manobook: My Good Story Reader,CHANGDU (HK) TECHNOLOGY LIMITED,504,4.29,Free,1436687796,com.changduhk.spainreader,https://apps.apple.com/gb/app/manobook-my-good-story-reader/id1436687796
Books,89,VibeNovel,HK Yuepeng Technology Limited,327,4.57,Free,6744811723,com.yuepeng.vibenovel,https://apps.apple.com/gb/app/vibenovel/id6744811723
Books,91,Bookmory - book tracker & TBR,TonySoft,1632,4.85,Free,1515533482,net.tonysoft.bookmory,https://apps.apple.com/gb/app/bookmory-book-tracker-tbr/id1515533482
Books,93,Lera: Best eBooks & Webnovels,CHANGDU (HK) TECHNOLOGY LIMITED,409,4.23,Free,1501665743,com.changduhk.readerpt,https://apps.apple.com/gb/app/lera-best-ebooks-webnovels/id1501665743
Books,94,Novel Master,Sungai Pte. Ltd.,233,3.96,Free,6446075788,com.yootang.fiction,https://apps.apple.com/gb/app/novel-master/id6446075788
Books,96,TBR - Bookshelf,"TBR - Bookshelf, LLC",781,4.53,Free,1614891654,com.jordanpeterson.TBR---Bookshelf,https://apps.apple.com/gb/app/tbr-bookshelf/id1614891654
Books,97,Twinkl Rhino Readers Books,Twinkl Limited,2017,4.63,Free,1540798519,co.uk.twinkl.rhinoreaders,https://apps.apple.com/gb/app/twinkl-rhino-readers-books/id1540798519
Books,98,Vooks: Read-Aloud Kids' Books,Vooks Inc,252,4.49,Free,1435813450,com.vooks,https://apps.apple.com/gb/app/vooks-read-aloud-kids-books/id1435813450
Books,100,NovelTime: Read Novels & Books,FLUX JOY PTE. LTD,210,4.37,Free,6511240337,com.noveltime.stories,https://apps.apple.com/gb/app/noveltime-read-novels-books/id6511240337
Medical,8,Nara Baby & Pregnancy Tracker,"Nara Organics, Inc.",963,4.84,Free,1444639029,com.naraorganics.nara,https://apps.apple.com/gb/app/nara-baby-pregnancy-tracker/id1444639029
Medical,9,FibriCheck,Qompium nv,2198,4.44,Free,1102327473,com.qompium.FibriCheck1,https://apps.apple.com/gb/app/fibricheck/id1102327473
Medical,10,Full Code Medical Simulation,Full Code Medical Inc.,582,4.63,Free,1207424206,com.minerva-medical.fullcode,https://apps.apple.com/gb/app/full-code-medical-simulation/id1207424206
Medical,12,TeachMe Anatomy: 3D Human Body,TeachMeSeries Limited,1302,4.85,Free,1047116087,com.atomengine.TeachMeAnatomy,https://apps.apple.com/gb/app/teachme-anatomy-3d-human-body/id1047116087
Medical,14,PCOS Pal,"Slayyy, Inc.",215,3.96,Free,6474100020,com.slayyy.health,https://apps.apple.com/gb/app/pcos-pal/id6474100020
Medical,18,Sweet Dreams – Sugar Tracker,Marwan Elwaraki,210,4.62,Free,1644428422,com.marwan.sugartrack,https://apps.apple.com/gb/app/sweet-dreams-sugar-tracker/id1644428422
Medical,20,Monash FODMAP Diet,Monash University,456,4.13,£7.99,586149216,com.Monash.FODMAP,https://apps.apple.com/gb/app/monash-fodmap-diet/id586149216
Medical,21,Preggers | Pregnancy & Baby,Stroller AB,1099,4.8,Free,1363479578,life.stroller.preggers,https://apps.apple.com/gb/app/preggers-pregnancy-baby/id1363479578
Medical,22,Body Temperature App For Fever,"AboutMe Apps, Inc.",1968,4.64,Free,1516844582,com.body.temperature.app,https://apps.apple.com/gb/app/body-temperature-app-for-fever/id1516844582
Medical,25,Complete Anatomy for iPhone,3D4Medical.com,329,4.46,Free,1309253074,com.3D4Medical.CAPhone,https://apps.apple.com/gb/app/complete-anatomy-for-iphone/id1309253074
Medical,28,Health Diary by MedM,MedM Inc,1251,4.58,Free,929581952,com.medm.health.app,https://apps.apple.com/gb/app/health-diary-by-medm/id929581952
Medical,29,Freya • Surge Timer,The Positive Birth Company Ltd.,1207,4.88,£4.99,1447509164,com.thepositivebirthcompany.surgetracker,https://apps.apple.com/gb/app/freya-surge-timer/id1447509164
Medical,30,Geeky Medics - OSCE revision,Geeky Medics LTD,241,4.52,Free,1050169390,com.geekymedics.GeekyMedics,https://apps.apple.com/gb/app/geeky-medics-osce-revision/id1050169390
Medical,31,Essential Anatomy 5,3D4Medical.com,2532,4.79,£19.99,596684220,com.3d4medical.EssentialAnatomyiPad,https://apps.apple.com/gb/app/essential-anatomy-5/id596684220
Medical,34,My Baby Heart Sounds App,AESTHETIC WIDGETS LTD,480,3.83,Free,1559796143,com.lifewave.babyheartsound,https://apps.apple.com/gb/app/my-baby-heart-sounds-app/id1559796143
Medical,35,ECG+ | Your Watch ECG Reader,Heartworks Pty Ltd,233,4.54,Free,1567047859,com.wms.hrv,https://apps.apple.com/gb/app/ecg-your-watch-ecg-reader/id1567047859
Medical,43,Pregnancy Tracker by Moms,Wachanga LTD,2530,4.77,Free,1144871267,com.wachanga.pregnancy,https://apps.apple.com/gb/app/pregnancy-tracker-by-moms/id1144871267
Medical,46,Plabable for PLAB,Plabable Limited,1121,4.79,Free,1446896709,com.plabable.plabable,https://apps.apple.com/gb/app/plabable-for-plab/id1446896709
Medical,47,Baby Daybook - Newborn Tracker,BALTAPIS UAB,520,4.82,Free,1446283219,com.babydaybook,https://apps.apple.com/gb/app/baby-daybook-newborn-tracker/id1446283219
Medical,48,Baby Connect: Baby Tracker,Seacloud Software LLC,748,4.8,Free,326574411,com.seacloud.baby-connect,https://apps.apple.com/gb/app/baby-connect-baby-tracker/id326574411
Medical,49,Squeezy Men,Living With Ltd,1126,4.77,£3.99,929618748,com.propagata.squeezyformen,https://apps.apple.com/gb/app/squeezy-men/id929618748
Medical,51,amma: Pregnancy & Baby Tracker,PERIOD TRACKER & PREGNANCY AND BABY CALENDAR LIMITED,425,4.56,Free,990178211,ru.medkrug.kbrapp,https://apps.apple.com/gb/app/amma-pregnancy-baby-tracker/id990178211
Medical,55,Oto: Tinnitus Sounds & Support,Oto Health Ltd,588,4.66,Free,1528362618,com.oto.tinnitus,https://apps.apple.com/gb/app/oto-tinnitus-sounds-support/id1528362618
Medical,59,IMAIOS e-Anatomy,IMAIOS,223,4.77,Free,334876403,com.imaios.eanatomy,https://apps.apple.com/gb/app/imaios-e-anatomy/id334876403
Medical,64,Finger Blood Pressure: BP Mate,军 刘,311,4.4,Free,6739974263,com.galaxy.health.bp,https://apps.apple.com/gb/app/finger-blood-pressure-bp-mate/id6739974263
Medical,68,Diabetes:M,Sirma Medical Systems AD,730,4.52,Free,1196733537,com.sirma.medical.systems.Diabetes-M,https://apps.apple.com/gb/app/diabetes-m/id1196733537
Medical,72,Miiskin,Miiskin ApS,698,4.46,Free,1214795331,com.Miiskin,https://apps.apple.com/gb/app/miiskin/id1214795331
Medical,75,Pregnancy Tracker - Buddy App,HEALONEX DIGITAL UK LIMITED,439,4.75,Free,6667112574,com.ekobyte.pregnancy.buddy,https://apps.apple.com/gb/app/pregnancy-tracker-buddy-app/id6667112574
Medical,78,hearingOS - Hearing Aid App,hearingOS GmbH,251,3.74,Free,1150934267,com.hearingos.hearingos,https://apps.apple.com/gb/app/hearingos-hearing-aid-app/id1150934267
Medical,80,Five Lives: Brain Health 50+,SharpTx Ltd,2205,4.58,Free,1501546196,life.sharptx.app.production,https://apps.apple.com/gb/app/five-lives-brain-health-50/id1501546196
Medical,81,Glucose | Blood Sugar Tracker,App Sub 1 LLC,619,4.5,Free,1135157609,com.adappt.Glucose,https://apps.apple.com/gb/app/glucose-blood-sugar-tracker/id1135157609
Medical,83,Hear My Baby Heartbeat App,Fat Cigar Productions Ltd,1075,3.54,Free,1111420122,am.impossible.hear-my-baby,https://apps.apple.com/gb/app/hear-my-baby-heartbeat-app/id1111420122
Medical,85,Glow Baby Tracker & Growth App,"Glow, Inc.",1613,4.7,Free,1077177456,com.glowing.noah,https://apps.apple.com/gb/app/glow-baby-tracker-growth-app/id1077177456
Medical,88,AMBOSS Medical Knowledge,AMBOSS SE,473,4.88,Free,1169487026,us.miamed.amboss-knowledge,https://apps.apple.com/gb/app/amboss-medical-knowledge/id1169487026
Medical,89,Contraction Timer and Tracker⁣,Wachanga LTD,281,4.58,Free,1624921143,com.wachanga.contractions,https://apps.apple.com/gb/app/contraction-timer-and-tracker/id1624921143
Food & Drink,1,mise - meal planner,TEGS LABS LTD,1177,4.59,Free,6777471316,com.gregorytaylor.shopping,https://apps.apple.com/gb/app/mise-meal-planner/id6777471316
Food & Drink,4,Shuffle Rewards: Eat & Earn,Shuffle Finance Ltd,226,4.66,Free,6474543590,com.shuffle.finance,https://apps.apple.com/gb/app/shuffle-rewards-eat-earn/id6474543590
Food & Drink,9,Annabel Karmel Kids Recipes,Annabel Karmel Group Holdings Limited,1918,4.43,Free,409157308,tv.umee.customer.annabelkarmel,https://apps.apple.com/gb/app/annabel-karmel-kids-recipes/id409157308
Food & Drink,11,Gronda: Recipes for Chefs,Gronda GmbH,1750,4.75,Free,1164423781,gronda.gmbh,https://apps.apple.com/gb/app/gronda-recipes-for-chefs/id1164423781
Food & Drink,12,The Doctor’s Kitchen,Doctors Kitchen Digital Ltd,1896,4.81,Free,1568122827,com.thedoctorskitchen.ios,https://apps.apple.com/gb/app/the-doctors-kitchen/id1568122827
Food & Drink,13,Sidekick by Sorted Food,Sorted Ventures Ltd,394,4.29,Free,1472765520,club.sorted.cook,https://apps.apple.com/gb/app/sidekick-by-sorted-food/id1472765520
Food & Drink,14,Food For Fitness: High Protein,Food For Fitness Limited,503,4.87,Free,6449541193,com.foodforfitness,https://apps.apple.com/gb/app/food-for-fitness-high-protein/id6449541193
Food & Drink,17,Osta: Save & Share Recipes,General Digital Connoisseurs Ltd.,1076,4.69,Free,6739286231,com.saltrecipeapp,https://apps.apple.com/gb/app/osta-save-share-recipes/id6739286231
Food & Drink,21,Wine-Searcher,Wine-Searcher Limited,2854,4.74,Free,599836194,com.wine-searcher.wine-searcher,https://apps.apple.com/gb/app/wine-searcher/id599836194
Food & Drink,23,Cherrypick: Plan | Shop | Cook,Total Food Control Ltd,520,4.43,Free,1567423761,com.lollipopai.lollipop,https://apps.apple.com/gb/app/cherrypick-plan-shop-cook/id1567423761
Food & Drink,24,CellarTracker: #1 Wine Tracker,CellarTracker LLC,624,4.85,Free,6446102275,com.cellartracker.appV2,https://apps.apple.com/gb/app/cellartracker-1-wine-tracker/id6446102275
Food & Drink,29,MealPrepPro Planner & Recipes,Nibble Apps Ltd,2381,4.46,Free,1249805978,com.nibbleapps.MealPrepPro,https://apps.apple.com/gb/app/mealpreppro-planner-recipes/id1249805978
Food & Drink,31,Recipe Keeper,Tudorspan Limited,2699,4.8,Free,974683711,com.tudorspan.recipekeeper,https://apps.apple.com/gb/app/recipe-keeper/id974683711
Food & Drink,32,Eatr・AI Healthy Diet Meal Plan,EATR LLC,1694,4.29,Free,6479693198,com.eatr.eatr,https://apps.apple.com/gb/app/eatr-ai-healthy-diet-meal-plan/id6479693198
Food & Drink,35,Recipe Keeper - CookBook,CookBook Co. Pty Ltd,1087,4.66,Free,1073341917,com.app.cookbook,https://apps.apple.com/gb/app/recipe-keeper-cookbook/id1073341917
Food & Drink,37,SO VEGAN: Healthy Recipes,Plant Future 22 LTD,376,4.76,Free,1572826611,com.wearesovegan.app,https://apps.apple.com/gb/app/so-vegan-healthy-recipes/id1572826611
Food & Drink,39,OrganizEat Recipe Keeper Box,ORGANIZEAT LTD,569,4.79,Free,1059211083,com.organizeat.free,https://apps.apple.com/gb/app/organizeat-recipe-keeper-box/id1059211083
Food & Drink,41,Paprika Recipe Manager 3,Hindsight Labs LLC,2795,4.85,£4.99,1303222868,com.hindsightlabs.paprika.ios.v3,https://apps.apple.com/gb/app/paprika-recipe-manager-3/id1303222868
Food & Drink,43,The Curry Guy - Spiced Recipes,Stuart Cooper,645,4.64,Free,1043129225,resortmarketing.Curry-Guy,https://apps.apple.com/gb/app/the-curry-guy-spiced-recipes/id1043129225
Food & Drink,45,Pam Fitness & Food,PLR UG,534,4.87,Free,1540604002,com.plr.pam-app,https://apps.apple.com/gb/app/pam-fitness-food/id1540604002
Food & Drink,47,TREAT: Play & impact REAL dogs,Treat App Ltd,1432,4.86,Free,1591591442,com.treatva.treatapp,https://apps.apple.com/gb/app/treat-play-impact-real-dogs/id1591591442
Food & Drink,51,Pick Up Limes,Pick Up Limes B.V.,284,4.93,Free,1618589011,com.pickuplimes.pulapp,https://apps.apple.com/gb/app/pick-up-limes/id1618589011
Food & Drink,55,Cocktail Flow - Drink Recipes,Cocktail Flow Korlatolt Felelossegu Tarsasag,2620,4.65,Free,486811622,com.distinction.cocktailflow,https://apps.apple.com/gb/app/cocktail-flow-drink-recipes/id486811622
Food & Drink,57,Pestle: Recipe Manager,Will Bishop,291,4.7,Free,1574776971,com.willbishop.Simmer,https://apps.apple.com/gb/app/pestle-recipe-manager/id1574776971
Food & Drink,58,Brewfather,Warpkode AS,264,4.9,Free,1488585822,com.warpkode.brewfather,https://apps.apple.com/gb/app/brewfather/id1488585822
Food & Drink,61,Stashcook: Recipe Keeper,Stashbox Ltd,453,4.66,Free,1518078585,com.stashbox.stashcook,https://apps.apple.com/gb/app/stashcook-recipe-keeper/id1518078585
Food & Drink,63,Cookpad Recipes,Cookpad Inc.,417,4.83,Free,340368403,com.cookpad,https://apps.apple.com/gb/app/cookpad-recipes/id340368403
Food & Drink,67,Anova Culinary,Anova Culinary LLC,744,4.11,Free,959638683,com.anovaculinary.anova,https://apps.apple.com/gb/app/anova-culinary/id959638683
Food & Drink,68,Meal Plan & Weekly Menu,Raquel Martinez Figueirido,754,4.73,Free,6460821436,meal.planner,https://apps.apple.com/gb/app/meal-plan-weekly-menu/id6460821436
Food & Drink,69,Gluten Free Scanner,Food Barcode Scanner Ltd,2915,4.82,Free,1642357030,co.uk.bluepixl.glutenfreescanner,https://apps.apple.com/gb/app/gluten-free-scanner/id1642357030
Food & Drink,74,Crouton: Recipe Manager,CROUTON LLC,452,4.81,Free,1461650987,com.meal.plan.ios,https://apps.apple.com/gb/app/crouton-recipe-manager/id1461650987
Food & Drink,80,Kneady: Bread & Baking Recipes,Quillbound Studios Ltd,1619,4.81,Free,1534576984,com.kneady-technologies.kneady,https://apps.apple.com/gb/app/kneady-bread-baking-recipes/id1534576984
Food & Drink,93,EatClub - Restaurant Deals,EATCLUB PTY LTD,287,4.16,Free,1053752571,dinnerdeal.ios.customer,https://apps.apple.com/gb/app/eatclub-restaurant-deals/id1053752571
Food & Drink,94,5:2 Fasting Diet Recipes,APP KTCHN LTD,401,4.49,Free,1124902886,com.janakshah.52recipes,https://apps.apple.com/gb/app/5-2-fasting-diet-recipes/id1124902886
Food & Drink,96,NoWaste: Food Inventory List,KH Creations ApS,355,4.13,Free,926211004,com.KHApps.Cloud-Fryser,https://apps.apple.com/gb/app/nowaste-food-inventory-list/id926211004
Food & Drink,98,Samsung Food: Meal Planning,Foodient Ltd,1801,4.76,Free,1133637674,com.foodient.whisk3,https://apps.apple.com/gb/app/samsung-food-meal-planning/id1133637674
Shopping,2,Parcel & Post：Express Tracking,MultiApp Dynamics OU,925,4.02,Free,6447516226,com.FreeDevLLC.MyParcels,https://apps.apple.com/gb/app/parcel-post-express-tracking/id6447516226
Shopping,18,"SellRaze: List, sell, earn",SellRaze Inc,661,4.74,Free,6455042085,com.sellraze.scanner,https://apps.apple.com/gb/app/sellraze-list-sell-earn/id6455042085
Shopping,19,CheckCheck App,CheckCheck LLC,465,4.58,Free,1486562900,com.getcheckcheck.client,https://apps.apple.com/gb/app/checkcheck-app/id1486562900
Shopping,27,AppRaven: Apps Gone Free,Simon Zvara,381,4.56,Free,1490607195,net.appraven.app,https://apps.apple.com/gb/app/appraven-apps-gone-free/id1490607195
Shopping,34,Publi24,Publi24 Digital SRL,1747,4.87,Free,722242111,ro.informmedia.publi24,https://apps.apple.com/gb/app/publi24/id722242111
Shopping,36,AT Price Tracker,Blackflare Ltd,291,4.67,Free,6472184430,com.liprock.AT-Price-Tracker,https://apps.apple.com/gb/app/at-price-tracker/id6472184430
Shopping,39,ThriftAI: Profit Identifier,smallstack ApS,492,4.7,Free,6746565278,com.fulcra.thriftai,https://apps.apple.com/gb/app/thriftai-profit-identifier/id6746565278
Shopping,49,Our Groceries Shopping List,"OurGroceries, Inc.",2720,4.79,Free,325851015,com.headcode.ourgroceries,https://apps.apple.com/gb/app/our-groceries-shopping-list/id325851015
Shopping,50,My Movies 6 - Movie & TV List,Binnerup Consult,275,4.61,Free,1565797040,dk.mymovies.mymovies4,https://apps.apple.com/gb/app/my-movies-6-movie-tv-list/id1565797040
Shopping,51,Pass2U Wallet - Add store card,MicroMacro Mobile Inc.,582,4.27,Free,1142473931,net.pass2u.wallet,https://apps.apple.com/gb/app/pass2u-wallet-add-store-card/id1142473931
Shopping,61,Refind: Find clothes by photo,VASTE COMPANY LLC,689,4.33,Free,6742743600,com.refinds,https://apps.apple.com/gb/app/refind-find-clothes-by-photo/id6742743600
Shopping,71,Barcode Scanner - QR Scanner,MD Mokammal Hossain,1920,4.34,Free,1210662415,com.juwel.BarcodeScanner,https://apps.apple.com/gb/app/barcode-scanner-qr-scanner/id1210662415
Shopping,74,Gixen eBay Auction Sniper,Mario Vodopivec,300,4.9,Free,6446328339,com.gixen.gixen,https://apps.apple.com/gb/app/gixen-ebay-auction-sniper/id6446328339
Shopping,77,Barcodes: Loyalty Card Wallet,Small Colossus PTY LTD,566,4.75,Free,1610894014,com.barcodesapp.Barcodes,https://apps.apple.com/gb/app/barcodes-loyalty-card-wallet/id1610894014
Shopping,78,SNKRS Sneakers＋Shoe Raffle App,David Eritsyan,202,4.74,Free,1538187530,com.AllDrops.prod,https://apps.apple.com/gb/app/snkrs-sneakers-shoe-raffle-app/id1538187530
Shopping,80,Passbook - Wallet Pass Creator,HAPPYPIXEL - LDA,246,4.02,Free,1633472455,com.am.pkstudio,https://apps.apple.com/gb/app/passbook-wallet-pass-creator/id1633472455
Shopping,85,T-Shirt Design Studio,Son Phi,215,4.39,Free,1421599347,PVS.TShirtDesign,https://apps.apple.com/gb/app/t-shirt-design-studio/id1421599347
